{
  "pages/blog": "---\nblog:\n    posts:\n        limit: {{theme_settings.blog_posts_per_page}}\n        pages: 3\n        summary: 200\n---\n{{#partial \"page\"}}\n\n<div class=\"container\">\n    {{> components/common/breadcrumbs breadcrumbs=breadcrumbs}}\n    <main class=\"page\">\n        {{#unless theme_settings.hide_blog_page_heading }}\n            <h1 class=\"page-heading\">{{ blog.name }}</h1>\n        {{/unless}}\n        <div class=\"blog-posts\">\n            {{#each blog.posts}}\n                {{> components/blog/post post=this}}\n            {{/each}}\n        </div>\n    \n        {{> components/common/paginator pagination.blog}}\n    </main>\n</div>\n\n{{/partial}}\n{{> layout/base}}\n",
  "components/common/breadcrumbs": "<nav aria-label=\"Breadcrumb\">\n    <ol class=\"breadcrumbs\">\n        {{#unless theme_settings.hide_breadcrumbs }}\n            {{#each breadcrumbs}}\n                <li class=\"breadcrumb {{#if @last}}is-active{{/if}}\">\n                    <a class=\"breadcrumb-label\"\n                       href=\"{{url}}\"\n                       {{#if @last}}aria-current=\"page\"{{/if}}\n                    >\n                        <span>{{name}}</span>\n                    </a>\n                </li>\n            {{/each}}\n        {{/unless}}\n    </ol>\n</nav>\n\n<script type=\"application/ld+json\">\n{\n    \"@context\": \"https://schema.org\",\n    \"@type\": \"BreadcrumbList\",\n    \"itemListElement\":\n    [\n        {{#each breadcrumbs}}\n        {\n            \"@type\": \"ListItem\",\n            \"position\": {{add @index 1}},\n            \"item\": {\n                \"@id\": {{{JSONstringify url}}},\n                \"name\": {{{JSONstringify name}}}\n            }\n        }{{#unless @last}},{{/unless}}\n        {{/each}}\n    ]\n}\n</script>\n",
  "components/common/paginator": "<nav class=\"pagination\" aria-label=\"pagination\">\n    <ul class=\"pagination-list\">\n        {{#if previous}}\n            <li class=\"pagination-item pagination-item--previous\">\n                <a class=\"pagination-link\"\n                   href=\"{{previous}}\"\n                   {{#unless reload}}data-faceted-search-facet{{/unless}}\n                   aria-label=\"{{lang 'common.previous'}}\"\n                >\n                    <i class=\"icon\" aria-hidden=\"true\">\n                        <svg>\n                            <use xmlns:xlink=\"http://www.w3.org/1999/xlink\" xlink:href=\"#icon-chevron-left\"></use>\n                        </svg>\n                    </i>\n                    {{lang 'common.previous'}}\n                </a>\n            </li>\n        {{/if}}\n        {{#each links}}\n            <li class=\"pagination-item {{#if this.number '==' ../current}}pagination-item--current{{/if}}\">\n                <a class=\"pagination-link\"\n                   href=\"{{this.url}}\"\n                   {{#unless reload}}data-faceted-search-facet{{/unless}}\n                   {{#if this.number '==' ../current}}\n                   aria-current=\"page\"\n                   data-pagination-current-page-link\n                   {{/if}}\n                   aria-label=\"{{lang 'common.paginator.page_of' current=this.number total=../links.length}}\"\n                >\n                    {{this.number}}\n                </a>\n            </li>\n        {{/each}}\n\n        {{#if next}}\n            <li class=\"pagination-item pagination-item--next\">\n                <a class=\"pagination-link\"\n                   href=\"{{next}}\"\n                   {{#unless reload}}data-faceted-search-facet{{/unless}}\n                   aria-label=\"{{lang 'common.next'}}\"\n                >\n                    {{lang 'common.next'}}\n                    <i class=\"icon\" aria-hidden=\"true\">\n                        <svg>\n                            <use xmlns:xlink=\"http://www.w3.org/1999/xlink\" xlink:href=\"#icon-chevron-right\"></use>\n                        </svg>\n                    </i>\n                </a>\n            </li>\n        {{/if}}\n    </ul>\n</nav>\n",
  "components/blog/post": "<article class=\"blog{{#if post.body}} full-post{{/if}}\">\n    <div class=\"blog-post-figure\">\n        {{#if post.thumbnail}}\n            <figure class=\"blog-thumbnail\">\n                <a href=\"{{post.url}}\">\n                    <img class=\"lazyload\" data-sizes=\"auto\" src=\"{{cdn 'img/loading.svg'}}\" data-src=\"{{getImage post.thumbnail 'blog_size'}}\" alt=\"{{post.thumbnail.alt}}\" title=\"{{post.thumbnail.alt}}\">\n                </a>\n            </figure>\n        {{/if}}\n    </div>\n\n    <div class=\"blog-post-body\">\n        <header class=\"blog-header\">\n            <p class=\"blog-date\">{{#if post.author}}{{lang 'blog.posted_by' name=post.author}} on {{/if}}{{post.date_published}}</p>\n            <h{{#if is_blog_post}}1{{else}}2{{/if}} class=\"blog-title\">\n                <a href=\"{{post.url}}\">{{post.title}}</a>\n            </h{{#if is_blog_post}}1{{else}}2{{/if}}>\n        </header>\n\n        <div class=\"blog-post\">\n            {{#if post.body}}\n                {{{post.body}}}\n            {{else}}\n                {{{post.summary}}}\n                {{#if post.show_read_more}}\n                    &hellip; <p class=\"read-more\"><a href=\"{{url}}\" aria-label=\"{{post.title}} {{lang 'blog.read_more'}}\"><strong>{{lang 'blog.read_more'}}</strong>\n                        <i class=\"icon\" aria-hidden=\"true\">\n                            <svg><use xlink:href=\"#icon-chevron-right\" /></svg>\n                        </i>\n                    </a></p>\n                {{/if}}\n            {{/if}}\n        </div>\n\n\n        {{#if show_tags}}\n            {{#if post.tags}}\n                <ul class=\"tags\">\n                    {{#each post.tags}}\n                    <li class=\"tag\">\n                        <a href=\"{{url}}\">#{{name}}</a>\n                    </li>\n                    {{/each}}\n                </ul>\n            {{/if}}\n        {{/if}}\n\n        {{>components/common/share url=post.url}}\n\n    </div>\n</article>\n",
  "layout/base": "<!DOCTYPE html>\n<html class=\"no-js\" lang=\"{{ locale_name }}\">\n    <head>\n        <title>{{ head.title }}</title>\n        {{{ resourceHints }}}\n        {{{ head.meta_tags }}}\n        {{{ head.config }}}\n        {{#block \"head\"}} {{/block}}\n\n        <link href=\"{{ head.favicon }}\" rel=\"shortcut icon\">\n        <meta name=\"viewport\" content=\"width=device-width, initial-scale=1, maximum-scale=1\">\n\n        <script>\n            {{!-- Change document class from no-js to js so we can detect this in css --}}\n            document.documentElement.className = document.documentElement.className.replace('no-js', 'js');\n        </script>\n\n        {{> components/common/polyfill-script }}\n        <script>window.consentManagerTranslations = `{{{langJson 'consent_manager'}}}`;</script>\n\n        {{!-- Load Lazysizes script ASAP so images will appear --}}\n        <script>\n            {{!-- Only load visible elements until the onload event fires, after which preload nearby elements. --}}\n            window.lazySizesConfig = window.lazySizesConfig || {};\n            window.lazySizesConfig.loadMode = 1;\n        </script>\n        <script async src=\"{{cdn 'assets/dist/theme-bundle.head_async.js'}}\"></script>\n        \n        {{getFontsCollection font-display='block'}}\n        \n        <link rel=\"preload\" href=\"{{cdn 'assets/dist/theme-bundle.font.js'}}\" as=\"script\">\n        <script async src=\"{{cdn 'assets/dist/theme-bundle.font.js'}}\"></script>\n\n        {{{stylesheet '/assets/css/theme.css'}}}\n\n        {{{head.scripts}}}\n\n        {{~inject 'zoomSize' theme_settings.zoom_size}}\n        {{~inject 'productSize' theme_settings.product_size}}\n        {{~inject 'genericError' (lang 'common.generic_error')}}\n        {{~inject 'maintenanceModeSettings' settings.maintenance}}\n        {{~inject 'adminBarLanguage' (langJson 'admin')}}\n        {{~inject 'urls' urls}}\n        {{~inject 'secureBaseUrl' settings.secure_base_url}}\n        {{~inject 'cartId' cart_id}}\n        {{~inject 'channelId' settings.channel_id}}\n        {{~inject 'template' template}}\n        \n        {{#if page_type '===' 'product'}}\n            {{> components/common/facebook-like}}\n        {{else if page_type '===' 'blog' }}\n            {{> components/common/facebook-like}}\n        {{else if page_type '===' 'blog_post' }}\n            {{> components/common/facebook-like}}\n        {{/if}}\n\n        <script>\n            var theme_settings = {\n                show_fast_cart: {{theme_settings.show_fast_cart}},\n                linksPerCol: {{theme_settings.nav-links-per-col}},\n            };\n        </script>\n\n        {{~inject 'validationDictionaryJSON' (langJson 'validation_messages')}}\n        {{~inject 'validationFallbackDictionaryJSON' (langJson 'validation_fallback_messages')}}\n        {{~inject 'validationDefaultDictionaryJSON' (langJson 'validation_default_messages')}}\n        {{~inject 'carouselArrowAndDotAriaLabel' (lang 'carousel.arrow_and_dot_aria_label')}}\n        {{~inject 'carouselActiveDotAriaLabel' (lang 'carousel.active_dot_aria_label')}}\n        {{~inject 'carouselContentAnnounceMessage' (lang 'carousel.content_announce_message')}}\n\n        {{!-- Get this loading ASAP --}}\n        <link rel=\"preload\" href=\"{{cdn 'assets/dist/theme-bundle.main.js'}}\" as=\"script\">\n    </head>\n    <body>\n        <svg data-src=\"{{cdn 'img/icon-sprite.svg'}}\" class=\"icons-svg-sprite\"></svg>\n\n        {{> components/common/header }}\n        {{> components/common/body }}\n        {{> components/common/footer }}\n\n        <script>window.__webpack_public_path__ = \"{{cdn 'assets/dist/'}}\";</script>\n        <script>\n            {{!-- Exported in app.js --}}\n            function onThemeBundleMain() {\n                window.stencilBootstrap(\"{{page_type}}\", {{jsContext}}).load();\n            }\n        </script>\n        <script async defer src=\"{{cdn 'assets/dist/theme-bundle.main.js'}}\" onload=\"onThemeBundleMain()\"></script>\n\n        {{{footer.scripts}}}\n    </body>\n</html>\n",
  "components/common/share": "{{#if settings.add_this.buttons}}\n    {{assignVar 'encodedUrl' (encodeURI url)}}\n    {{assignVar 'encodedTitle' (encodeURI head.title)}}\n    <div>\n        <ul class=\"socialLinks\">\n            {{#each settings.add_this.buttons}}\n                <li class=\"socialLinks-item socialLinks-item--{{service}}\">\n                    {{#if service '===' 'facebook'}}\n                    <a class=\"socialLinks__link icon icon--{{service}}\"\n                       title=\"{{{capitalize service}}}\"\n                       href=\"https://facebook.com/sharer/sharer.php?u={{getVar 'encodedUrl'}}\"\n                       target=\"_blank\"\n                       rel=\"noopener\"\n                       {{{annotation}}}\n                    >\n                        <span class=\"aria-description--hidden\">{{{capitalize service}}}</span>\n                        <svg>\n                            <use xlink:href=\"#icon-facebook\"/>\n                        </svg>\n                    </a>\n                    {{else if service '===' 'email'}}\n                    <a class=\"socialLinks__link icon icon--{{service}}\"\n                       title=\"{{{capitalize service}}}\"\n                       href=\"mailto:?subject={{getVar 'encodedTitle'}}&amp;body={{getVar 'encodedUrl'}}\"\n                       target=\"_self\"\n                       rel=\"noopener\"\n                       {{{annotation}}}\n                    >\n                        <span class=\"aria-description--hidden\">{{{capitalize service}}}</span>\n                        <svg>\n                            <use xlink:href=\"#icon-envelope\"/>\n                        </svg>\n                    </a>\n                    {{else if service '===' 'print'}}\n                    <a class=\"socialLinks__link icon icon--{{service}}\"\n                       title=\"{{{capitalize service}}}\"\n                       onclick=\"window.print();return false;\"\n                       {{{annotation}}}\n                    >\n                        <span class=\"aria-description--hidden\">{{{capitalize service}}}</span>\n                        <svg>\n                            <use xlink:href=\"#icon-print\"/>\n                        </svg>\n                    </a>\n                    {{else if service '===' 'twitter'}}\n                    <a class=\"socialLinks__link icon icon--{{service}}\"\n                       href=\"https://twitter.com/intent/tweet/?text={{getVar 'encodedTitle'}}&amp;url={{getVar 'encodedUrl'}}\"\n                       target=\"_blank\"\n                       rel=\"noopener\"\n                       title=\"{{{capitalize service}}}\"\n                       {{{annotation}}}\n                    >\n                        <span class=\"aria-description--hidden\">{{{capitalize service}}}</span>\n                        <svg>\n                            <use xlink:href=\"#icon-twitter\"/>\n                        </svg>\n                    </a>\n                    {{else if service '===' 'linkedin'}}\n                    <a class=\"socialLinks__link icon icon--{{service}}\"\n                       title=\"{{{capitalize service}}}\"\n                       href=\"https://www.linkedin.com/shareArticle?mini=true&amp;url={{getVar 'encodedUrl'}}&amp;title={{getVar 'encodedTitle'}}&amp;summary={{getVar 'encodedTitle'}}&amp;source={{getVar 'encodedUrl'}}\"\n                       target=\"_blank\"\n                       rel=\"noopener\"\n                       {{{annotation}}}\n                    >\n                        <span class=\"aria-description--hidden\">{{{capitalize service}}}</span>\n                        <svg>\n                            <use xlink:href=\"#icon-linkedin\"/>\n                        </svg>\n                    </a>\n                    {{else if service '===' 'pinterest'}}\n                    <a class=\"socialLinks__link icon icon--{{service}}\"\n                       title=\"{{{capitalize service}}}\"\n                       href=\"https://pinterest.com/pin/create/button/?url={{getVar 'encodedUrl'}}&amp;description={{getVar 'encodedTitle'}}\"\n                       target=\"_blank\"\n                       rel=\"noopener\"\n                       {{{annotation}}}\n                    >\n                        <span class=\"aria-description--hidden\">{{{capitalize service}}}</span>\n                        <svg>\n                            <use xlink:href=\"#icon-pinterest\"/>\n                        </svg>\n                    </a>\n                    {{/if}}\n                </li>\n            {{/each}}\n        </ul>\n    </div>\n{{/if}}\n{{#if settings.facebook_like_button.enabled}}\n    <iframe\n        class=\"facebook{{#if settings.facebook_like_button.verb '===' 'recommend'}}Recommend{{else}}Like{{/if}}Btn\"\n        style=\"border:none; overflow:hidden; margin: 0; padding: 0; position:absolute\"\n        src=\"https://www.facebook.com/plugins/like.php?href={{settings.facebook_like_button.href}}&amp;layout=button_count{{#if settings.facebook_like_button.verb '===' 'recommend'}}&amp;action=recommend{{/if}}&amp;colorscheme=light&amp;height=20\"\n        scrolling=\"no\"\n        frameborder=\"0\"\n        allowTransparency=\"true\">\n    </iframe>\n{{/if}}\n",
  "components/common/facebook-like": "<!-- partial pulled in to the base layout -->\n{{#any settings.add_this.buttons service='facebook_like'}}\n  <div id=\"fb-root\"></div>\n  <script>(function(d, s, id) {\n    var js, fjs = d.getElementsByTagName(s)[0];\n    if (d.getElementById(id)) return;\n    js = d.createElement(s); js.id = id;\n    js.src = \"//connect.facebook.net/en_US/sdk.js#xfbml=1&version=v2.5\";\n    fjs.parentNode.insertBefore(js, fjs);\n  }(document, 'script', 'facebook-jssdk'));</script>\n{{/any}}\n",
  "components/common/polyfill-script": "<script>\n    {{!--\n        Check for modern browser features, and load polyfills if browser does not appear to support features\n        we need.\n\n            Polyfill approach is all or nothing - please import needed polyfills in /assets/js/polyfills.js\n\n        Inspired by https://philipwalton.com/articles/loading-polyfills-only-when-needed/\n            --}}\n    function browserSupportsAllFeatures() {\n        return window.Promise\n            && window.fetch\n            && window.URL\n            && window.URLSearchParams\n            && window.WeakMap\n            // object-fit support\n            && ('objectFit' in document.documentElement.style);\n    }\n\n    function loadScript(src) {\n        var js = document.createElement('script');\n        js.src = src;\n        js.onerror = function () {\n            console.error('Failed to load polyfill script ' + src);\n        };\n        document.head.appendChild(js);\n    }\n\n    if (!browserSupportsAllFeatures()) {\n        loadScript('{{cdn 'assets/dist/theme-bundle.polyfills.js'}}');\n    }\n</script>\n",
  "components/common/header": "<header class=\"header\" role=\"banner\">\n    <a href=\"#\" class=\"mobileMenu-toggle\" data-mobile-menu-toggle=\"menu\">\n        <span class=\"mobileMenu-toggleIcon\"></span>\n    </a>\n\n    <div class=\"header-logo--wrap\">\n        <div class=\"header-logo{{#if theme_settings.logo_size '===' 'original'}} logo-full-size-desktop{{/if}}{{#if theme_settings.logo_size_mobile '===' 'original'}} logo-full-size-mobile{{/if}}\">\n            \n            <div class=\"logo-and-toggle\">\n                <div class=\"desktopMenu-toggle\">\n                    <a href=\"javascript:void(0);\" class=\"mobileMenu-toggle\">\n                        <span class=\"mobileMenu-toggleIcon\"></span>\n                    </a>\n                </div>\n                \n                {{#if page_type '===' 'default'}}\n                    <h1 class=\"logo-wrap\">{{> components/common/store-logo}}</h1>\n                {{else}}\n                    <div class=\"logo-wrap\">{{> components/common/store-logo}}</div>\n                {{/if}}\n            </div>\n            \n            <div class=\"quickSearchWrap\" id=\"quickSearch\" aria-hidden=\"true\" tabindex=\"-1\" data-prevent-quick-search-close>\n                {{> components/common/quick-search}}\n            </div>\n            <div class=\"navUser-wrap\">\n                {{> components/common/navigation}}\n            </div>\n        </div>\n    </div>\n\n    <div class=\"navPages-container\" id=\"menu\" data-menu>\n        {{> components/common/navigation-menu}}\n    </div>\n</header>\n{{#unless page_type '===' 'default'}}\n\n{{#if banners.top}}\n<div class=\"banners\" data-banner-location=\"top\">\n    {{#each (limit banners.top_metadata 1)}}\n    <div class=\"banner\" data-event-type=\"promotion\" data-entity-id=\"{{this.id}}\" data-name=\"{{this.banner-name}}\" data-position=\"{{this.location}}\" data-banner-id=\"{{this.banner-name}}\">\n        <div data-event-type=\"promotion-click\">\n            {{{this.content}}}\n        </div>\n    </div>\n    {{/each}}\n</div>\n{{/if}}\n\n{{/unless}}\n\n{{{region name=\"header_bottom--global\"}}}\n{{{region name=\"header_bottom\"}}}\n\n",
  "components/common/body": "<div class=\"body {{#if template_file '===' 'pages/home'}}home{{/if}}\" id='main-content' role='main' data-currency-code=\"{{currency_selector.active_currency_code}}\">\n    {{#block \"hero\"}} {{/block}}\n    {{#block \"page\"}} {{/block}}\n    {{#block \"hero-bottom\"}} {{/block}}\n    {{> components/common/modal/modal}}\n    {{> components/common/alert/alert-modal}}\n</div>\n",
  "components/common/footer": "{{#if banners.bottom}}\n    {{#if settings.data_tag_enabled}}\n        <div class=\"banners\" data-banner-location=\"bottom\">\n            {{#each (limit banners.bottom_metadata 1)}}\n                <div class=\"banner\" data-event-type=\"promotion\" data-entity-id=\"{{this.id}}\" data-name=\"{{this.banner-name}}\" data-position=\"{{this.location}}\" data-name=\"{{this.banner-name}}\">\n                    <div data-event-type=\"promotion-click\">\n                        {{{this.content}}}\n                    </div>\n                </div>\n            {{/each}}\n        </div>\n    {{else}}\n        <div class=\"banners\" data-banner-location=\"bottom\">\n            <div class=\"banner\">\n                {{{limit banners.bottom 1}}}\n            </div>\n        </div>\n    {{/if}}\n{{/if}}\n\n{{#if settings.show_newsletter_box}}\n    <div class=\"footer-newsletter\">\n        <div class=\"container\">\n            {{> components/common/subscription-form}}\n        </div>\n    </div>\n{{/if}}\n                    \n<footer class=\"footer\" role=\"contentinfo\">\n    <h2 class=\"footer-title-sr-only\">{{lang 'footer.title'}}</h2>\n    <div class=\"container\">\n        <section class=\"footer-info 4a616d6573\">\n            <article class=\"footer-info-col footer-info-dropdown footer-info-col--small\" data-section-type=\"footer-categories\">\n                <h5 class=\"footer-info-heading\">\n                    {{lang 'footer.categories'}}\n                    <i class=\"icon\" aria-hidden=\"true\">\n                        <svg><use xlink:href=\"#icon-downselector\" /></svg>\n                    </i>\n                </h5>\n                <ul class=\"footer-info-list\">\n                    {{#each categories}}\n                        <li>\n                            <a href=\"{{url}}\">{{name}}</a>\n                        </li>\n                    {{/each}}\n                    {{#if settings.gift_certificates_enabled}}\n                        <li>\n                            <a href=\"{{urls.gift_certificate.purchase}}\">{{lang 'common.gift_cert'}}</a>\n                        </li>\n                    {{/if}}\n                </ul>\n            </article>\n\n            <article class=\"footer-info-col footer-info-dropdown footer-info-col--small\" data-section-type=\"footer-webPages\">\n                <h5 class=\"footer-info-heading\">\n                    {{lang 'footer.navigate'}}\n                    <i class=\"icon\" aria-hidden=\"true\">\n                        <svg><use xlink:href=\"#icon-downselector\" /></svg>\n                    </i>\n                </h5>\n                <ul class=\"footer-info-list\">\n                    {{#each pages}}\n                        <li>\n                            <a href=\"{{url}}\">{{name}}</a>\n                        </li>\n                    {{/each}}\n                    <li>\n                        <a href=\"{{urls.sitemap}}\">{{lang 'sitemap.page_title'}}</a>\n                    </li>\n                </ul>\n            </article>\n        \n            {{#and theme_settings.shop_by_brand_show_footer shop_by_brand.length}}\n                <article class=\"footer-info-col footer-info-dropdown footer-info-col--small\" data-section-type=\"footer-brands\">\n                    <h5 class=\"footer-info-heading\">\n                        {{lang 'footer.brands'}}\n                        <i class=\"icon\" aria-hidden=\"true\">\n                            <svg><use xlink:href=\"#icon-downselector\" /></svg>\n                        </i>\n                    </h5>\n                    <ul class=\"footer-info-list\">\n                        {{#each shop_by_brand}}\n                            <li>\n                                <a href=\"{{url}}\">{{name}}</a>\n                            </li>\n                        {{/each}}\n                        <li><a href=\"{{urls.brands}}\">{{lang 'common.view_all'}}</a></li>\n                    </ul>\n                </article>\n            {{/and}}\n            \n            {{#if theme_settings.social_icons_footer}}\n                <article class=\"footer-info-col footer-mobile-limited footer-info-col--small\" data-section-type=\"footer-webPages\">\n                    <h5 class=\"footer-info-heading\">{{lang 'social.connect'}}</h5>\n                    {{> components/common/social-links}}\n                </article>\n            {{/if}}\n            \n            {{#if settings.address}}\n                <article class=\"footer-info-col footer-mobile-limited footer-info-col--small\" data-section-type=\"storeInfo\">\n                    <h5 class=\"footer-info-heading footer-store-name\">{{settings.store_name}}</h5>\n                    <address>{{nl2br settings.address}}</address>\n                    {{#if settings.phone_number}}\n                        <div class=\"footer-info-phone\">\n                            <i class=\"icon\" aria-hidden=\"true\">\n                                <svg><use xlink:href=\"#icon-phone\" /></svg>\n                            </i>\n                            <a href=\"tel:{{settings.phone_number}}\">{{settings.phone_number}}</a>\n                        </div>\n                    {{/if}}\n                </article>\n            {{/if}}\n        </section>\n        <div class=\"footer-copyright\">\n            {{> components/common/payment-icons}}\n            {{#if theme_settings.show_copyright_footer}}\n                <p class=\"powered-by\">&copy; {{moment format=\"YYYY\"}} {{settings.store_name}} </p>\n            {{/if}}\n        </div>\n        \n        {{#or theme_settings.show_powered_by theme_settings.show_built_by}}\n            <div class=\"footer-copyright\" style=\"font-size: 12px;\">\n                {{#if theme_settings.show_powered_by}}\n                    <p class=\"powered-by\">Powered by <a href=\"https://www.bigcommerce.com?utm_source=merchant&amp;utm_medium=poweredbyBC\" rel=\"nofollow\">BigCommerce</a></p>\n                {{/if}}\n                {{#if theme_settings.show_built_by}}\n                    <p class=\"powered-by\">Theme by <a href=\"https://www.weizenyoung.com/\" rel=\"nofollow\">Weizen Young</a></p>\n                {{/if}}\n            </div>\n        {{/or}}\n    </div>\n    {{{region name=\"ssl_site_seal--global\"}}}\n</footer>\n",
  "components/common/quick-search": "<div>\n    {{{ snippet \"forms_search\"}}}\n    <form class=\"form\" action=\"{{urls.search}}\">\n        <fieldset class=\"form-fieldset\">\n            <div class=\"form-field\">\n                <label class=\"is-srOnly\" for=\"search_query\">{{lang \"search.quick_search.input_label\"}}</label>\n                <input class=\"form-input\" data-search-quick name=\"search_query\" id=\"search_query\" data-error-message=\"{{lang 'search.error.empty_field'}}\" placeholder=\"{{lang 'search.quick_search.input_placeholder'}}\" autocomplete=\"off\">\n                <button type=\"submit\" class=\"form-button\">\n                    <i class=\"icon\" aria-hidden=\"true\">\n                        <svg><use xlink:href=\"#icon-search\" /></svg>\n                    </i>\n                </button>\n            </div>\n        </fieldset>\n    </form>\n    <section class=\"quickSearchResults\" data-bind=\"html: results\"></section>\n    <p role=\"status\"\n       aria-live=\"polite\"\n       class=\"aria-description--hidden\"\n       data-search-aria-message-predefined-text=\"{{{lang 'search.results.quick_count_live'}}}\"\n    ></p>\n</div>\n",
  "components/common/store-logo": "<a href=\"{{urls.home}}\" class=\"header-logo__link\" data-header-logo-link>\n    {{#if settings.store_logo.image}}\n        {{#if theme_settings.logo_size '===' 'original'}}\n        <img class=\"header-logo-image-unknown-size\"\n             src=\"{{getImage settings.store_logo.image 'logo_size'}}\"\n             alt=\"{{settings.store_logo.title}}\"\n             title=\"{{settings.store_logo.title}}\">\n        {{else}}\n        <div class=\"header-logo-image-container\">\n            <img class=\"header-logo-image\"\n                 src=\"{{getImage settings.store_logo.image 'logo_size'}}\"\n                 srcset=\"{{getImageSrcset1x2x settings.store_logo.image theme_settings.logo_size}}\"\n                 alt=\"{{settings.store_logo.title}}\"\n                 title=\"{{settings.store_logo.title}}\">\n        </div>\n        {{/if}}\n    {{else}}\n    <span class=\"header-logo-text\">{{settings.store_logo.title}}</span>\n    {{/if}}\n</a>\n",
  "components/common/modal/modal": "<div id=\"modal\" class=\"modal\" data-reveal data-prevent-quick-search-close>\n    {{> components/common/modal/modal-close-btn}}\n    <div class=\"modal-content\"></div>\n    <div class=\"loadingOverlay\"></div>\n</div>\n",
  "components/common/navigation-menu": "<span class=\"mobile-closeNav\">\n    <i class=\"icon\" aria-hidden=\"true\">\n        <svg><use xlink:href=\"#icon-close-large\" /></svg>\n    </i>\n    close\n</span>\n<nav class=\"navPages\">\n    <ul class=\"navPages-list navPages-list--user 5765697a656e20596f756e67\">\n        {{#if currency_selector.currencies.length '>' 1}}\n            <li class=\"navPages-item navPages-item--currency\">\n                <a class=\"navPages-action has-subMenu\" href=\"#\" data-collapsible=\"navPages-currency\" aria-controls=\"navPages-currency\" aria-expanded=\"false\">\n                    {{lang 'common.currency' code=currency_selector.active_currency_code}} <i class=\"icon navPages-action-moreIcon\" aria-hidden=\"true\"><svg><use xmlns:xlink=\"http://www.w3.org/1999/xlink\" xlink:href=\"#icon-chevron-down\"></use></svg></i>\n                </a>\n                <div class=\"navPage-subMenu\" id=\"navPages-currency\" aria-hidden=\"true\" tabindex=\"-1\">\n                    <ul class=\"navPage-subMenu-list\">\n                        {{#each currency_selector.currencies}}\n                        <li class=\"navPage-subMenu-item\">\n                            <i class=\"icon navPages-action-moreIcon\" aria-hidden=\"true\"><svg><use xlink:href=\"#icon-chevron-right\" /></svg></i>\n                            <a class=\"navPage-subMenu-action navPages-action\" href=\"{{{switch_url}}}\">\n                                {{#if is_active}}\n                                    <strong>{{name}}</strong>\n                                {{else}}\n                                    {{name}}\n                                {{/if}}\n                            </a>\n                        </li>\n                        {{/each}}\n                    </ul>\n                </div>\n            </li>\n        {{/if}}\n        {{#if customer}}\n            <li class=\"navPages-item navPages-item--account\">\n                <a class=\"navPages-action has-subMenu\" href=\"{{urls.account.index}}\" data-collapsible=\"navPages-account\">\n                    <i class=\"icon\" aria-hidden=\"true\">\n                        <svg><use xlink:href=\"#icon-user\" /></svg>\n                    </i>\n                    &nbsp;\n                    {{lang 'common.account'}}\n                    <i class=\"icon navPages-action-moreIcon\" aria-hidden=\"true\"><svg><use xlink:href=\"#icon-chevron-down\" /></svg></i>\n                </a>\n                <div class=\"navPage-subMenu\" id=\"navPages-account\" aria-hidden=\"true\" tabindex=\"-1\">\n                    <ul class=\"navPage-subMenu-list\">\n                        <li class=\"navPage-subMenu-item\">\n                            <i class=\"icon navPages-action-moreIcon\" aria-hidden=\"true\"><svg><use xlink:href=\"#icon-chevron-right\" /></svg></i>\n                            <a class=\"navPage-subMenu-action navPages-action\"\n                               href=\"{{urls.account.orders.all}}\"\n                               aria-label=\"{{lang 'account.nav.orders'}}\"\n                            >\n                                {{lang 'account.nav.orders'}}\n                            </a>\n                        </li>\n                        {{#if settings.returns_enabled}}\n                            <li class=\"navPage-subMenu-item\">\n                                <i class=\"icon navPages-action-moreIcon\" aria-hidden=\"true\"><svg><use xlink:href=\"#icon-chevron-right\" /></svg></i>\n                                <a class=\"navPage-subMenu-action navPages-action\"\n                                   href=\"{{urls.account.returns}}\"\n                                   aria-label=\"{{lang 'account.nav.returns'}}\"\n                                >\n                                    {{lang 'account.nav.returns'}}\n                                </a>\n                            </li>\n                        {{/if}}\n                        <li class=\"navPage-subMenu-item\">\n                            <i class=\"icon navPages-action-moreIcon\" aria-hidden=\"true\"><svg><use xlink:href=\"#icon-chevron-right\" /></svg></i>\n                            <a class=\"navPage-subMenu-action navPages-action\"\n                               href=\"{{urls.account.inbox}}\"\n                               aria-label=\"{{lang 'account.mobile_nav.messages'}}\"\n                            >\n                                {{lang 'account.mobile_nav.messages'}}\n                            </a>\n                        </li>\n                        <li class=\"navPage-subMenu-item\">\n                            <i class=\"icon navPages-action-moreIcon\" aria-hidden=\"true\"><svg><use xlink:href=\"#icon-chevron-right\" /></svg></i>\n                            <a class=\"navPage-subMenu-action navPages-action\"\n                               href=\"{{urls.account.addresses}}\"\n                               aria-label=\"{{lang 'account.nav.addresses'}}\"\n                            >\n                                {{lang 'account.nav.addresses'}}\n                            </a>\n                        </li>\n                        {{#if settings.show_payment_methods}}\n                            <li class=\"navPage-subMenu-item\">\n                                <i class=\"icon navPages-action-moreIcon\" aria-hidden=\"true\"><svg><use xlink:href=\"#icon-chevron-right\" /></svg></i>\n                                <a class=\"navPage-subMenu-action navPages-action\"\n                                   href=\"{{urls.account.payment_methods.all}}\"\n                                   aria-label=\"{{lang 'account.nav.payment_methods'}}\"\n                                >\n                                    {{lang 'account.nav.payment_methods'}}\n                                </a>\n                            </li>\n                        {{/if}}\n                        <li class=\"navPage-subMenu-item\">\n                            <i class=\"icon navPages-action-moreIcon\" aria-hidden=\"true\"><svg><use xlink:href=\"#icon-chevron-right\" /></svg></i>\n                            <a class=\"navPage-subMenu-action navPages-action\"\n                               href=\"{{urls.account.wishlists.all}}\"\n                               aria-label=\"{{lang 'account.mobile_nav.wishlists'}}\"\n                            >\n                                {{lang 'account.mobile_nav.wishlists'}}\n                            </a>\n                        </li>\n                        <li class=\"navPage-subMenu-item\">\n                            <i class=\"icon navPages-action-moreIcon\" aria-hidden=\"true\"><svg><use xlink:href=\"#icon-chevron-right\" /></svg></i>\n                            <a class=\"navPage-subMenu-action navPages-action\"\n                               href=\"{{urls.account.recent_items}}\"\n                               aria-label=\"{{lang 'account.nav.recently_viewed'}}\"\n                            >\n                                {{lang 'account.nav.recently_viewed'}}\n                            </a>\n                        </li>\n                        <li class=\"navPage-subMenu-item\">\n                            <i class=\"icon navPages-action-moreIcon\" aria-hidden=\"true\"><svg><use xlink:href=\"#icon-chevron-right\" /></svg></i>\n                            <a class=\"navPage-subMenu-action navPages-action\"\n                               href=\"{{urls.account.details}}\"\n                               aria-label=\"{{lang 'account.nav.settings'}}\"\n                            >\n                                {{lang 'account.nav.settings'}}\n                            </a>\n                        </li>\n                        <li class=\"navPage-subMenu-item\">\n                            <i class=\"icon navPages-action-moreIcon\" aria-hidden=\"true\"><svg><use xlink:href=\"#icon-chevron-right\" /></svg></i>\n                            <a class=\"navPage-subMenu-action navPages-action\"\n                               href=\"{{urls.auth.logout}}\"\n                               aria-label=\"{{lang 'common.logout'}}\"\n                            >\n                                {{lang 'common.logout'}}\n                            </a>\n                        </li>\n                    </ul>\n                </div>\n            </li>\n        {{else}}\n            <li class=\"navPages-item\">\n                <i class=\"icon\" aria-hidden=\"true\">\n                    <svg><use xlink:href=\"#icon-user\" /></svg>\n                </i>\n                <a class=\"navPages-action\" href=\"{{urls.auth.login}}\">{{lang 'common.login'}}</a>\n                {{#if settings.account_creation_enabled}}\n                    {{lang 'common.or'}}\n                    <a class=\"navPages-action\"\n                       href=\"{{urls.auth.create_account}}\"\n                       aria-label=\"{{lang 'common.sign_up'}}\"\n                    >\n                        {{lang 'common.sign_up'}}\n                    </a>\n                {{/if}}\n            </li>\n        {{/if}}\n    </ul>\n    <ul class=\"navPages-list navPages-mega navPages-mainNav\">\n        {{#each categories}}\n            <li class=\"navPages-item\">\n                {{> components/common/navigation-list}}\n            </li>\n        {{/each}}\n        {{#if theme_settings.show_content_navigation}}\n            {{#each pages}}\n                <li class=\"navPages-item{{#if @index '===' 0}} navPages-item--content-first{{/if}}\">\n                    {{#if ../theme_settings.navigation_design '===' 'simple'}}\n                        {{> components/common/navigation-list-alternate}}\n                    {{/if}}\n                    {{#if ../theme_settings.navigation_design '===' 'mega'}}\n                        {{> components/common/navigation-list}}\n                    {{/if}}\n                </li>\n             {{/each}}\n        {{/if}}\n    </ul>\n    <ul class=\"navPages-list navPages-list--user\">\n        {{#and settings.phone_number theme_settings.header-phone}}\n            <li class=\"navPages-item\">\n                <a class=\"navPages-action navUser-action--phone\" href=\"tel:{{settings.phone_number}}\"><i class=\"fa fa-phone\" aria-hidden=\"true\"></i>&nbsp;{{settings.phone_number}}</a>\n            </li>\n        {{/and}}\n        {{#if settings.gift_certificates_enabled}}\n            <li class=\"navPages-item\">\n                <a class=\"navPages-action\" href=\"{{urls.gift_certificate.purchase}}\">{{lang 'common.gift_cert'}}</a>\n            </li>\n        {{/if}}\n        {{#if customer.store_credit.value '>' 0}}\n            <li class=\"navPages-item\">\n                <a class=\"navPages-action navPages-action--storeCredit\">\n                    {{lang 'common.store_credit_overview' credit=customer.store_credit.formatted}}\n                </a>\n            </li>\n        {{/if}}\n        {{#if theme_settings.product_list_display_mode '==' 'list'}}\n            <li class=\"navPages-item\">\n                <a class=\"navPages-action navPages-action--compare\" href=\"{{urls.compare}}\" data-compare-nav>{{lang 'common.compare'}} <span class=\"countPill countPill--positive countPill--alt\"></span></a>\n            </li>\n        {{/if}}\n        {{#if theme_settings.social_icon_placement_top}}\n            <li class=\"navPages-item\">\n                {{> components/common/social-links}}\n            </li>\n        {{/if}}\n    </ul>\n</nav>\n",
  "components/common/navigation": "<nav class=\"navUser\">\n    <ul class=\"navUser-section navUser-section--alt\">\n        <li class=\"navUser-item navUser-item--account\">\n            <i class=\"icon\" aria-hidden=\"true\">\n                <svg><use xlink:href=\"#icon-user\" /></svg>\n            </i>\n            {{#if customer}}\n                <a class=\"navUser-action\" href=\"{{urls.account.index}}\">{{lang 'common.account'}}</a> or\n                <a class=\"navUser-action\" href=\"{{urls.auth.logout}}\">{{lang 'common.logout'}}</a>\n            {{else}}\n                <a class=\"navUser-action\"\n                   href=\"{{urls.auth.login}}\"\n                   aria-label=\"{{lang 'common.login'}}\"\n                >\n                    {{lang 'common.login'}}\n                </a>\n                {{#if settings.account_creation_enabled}}\n                    <span>{{lang 'common.or'}}</span> <a class=\"navUser-action\" href=\"{{urls.auth.create_account}}\">{{lang 'common.sign_up'}}</a>\n                {{/if}}\n            {{/if}}\n        </li>\n        {{> components/common/currency-selector}}\n        <li class=\"navUser-item navUser-item--mobile-search\">\n            <i class=\"icon\" aria-hidden=\"true\">\n                <svg><use xlink:href=\"#icon-search\" /></svg>\n            </i>\n        </li>\n        <li class=\"navUser-item navUser-item--cart\">\n            <a\n                class=\"navUser-action\"\n                data-cart-preview\n                data-dropdown=\"cart-preview-dropdown\"\n                data-options=\"align:right\"\n                href=\"{{urls.cart}}\"\n                aria-label=\"{{lang 'cart.nav_aria_label'}}\"\n            >\n                <i class=\"icon\" aria-hidden=\"true\">\n                    <svg><use xlink:href=\"#icon-cart\" /></svg>\n                </i>\n                (<span class=\"{{#if cart.items}} countPill--positive{{/if}} cart-quantity\">{{cart.quantity}}</span>)\n            </a>\n\n            <div class=\"dropdown-menu\" id=\"cart-preview-dropdown\" data-dropdown-content aria-hidden=\"true\"></div>\n        </li>\n    </ul>\n</nav>\n",
  "components/common/alert/alert-modal": "<div id=\"alert-modal\" class=\"modal modal--alert modal--small\" data-reveal data-prevent-quick-search-close>\n    <div class=\"swal2-icon swal2-error swal2-icon-show\"><span class=\"swal2-x-mark\"><span class=\"swal2-x-mark-line-left\"></span><span class=\"swal2-x-mark-line-right\"></span></span></div>\n\n    <div class=\"modal-content\"></div>\n\n    <div class=\"button-container\"><button type=\"button\" class=\"confirm button\" data-reveal-close>OK</button></div>\n</div>\n",
  "components/common/social-links": "{{#if social_media}}\n    <ul class=\"socialLinks socialLinks--alt\">\n        {{#each social_media}}\n            <li class=\"socialLinks-item\">\n                <a class=\"icon icon--{{display_name}}\" href=\"{{url}}\" target=\"_blank\" rel=\"noopener\">\n                    <svg><use xlink:href=\"#icon-{{display_name}}\" /></svg>\n                </a>\n            </li>\n        {{/each}}\n    </ul>\n{{/if}}\n",
  "components/common/subscription-form": "<h5>{{lang 'newsletter.subscribe'}}</h5>\n{{#if settings.show_newsletter_summary }}\n    <div class=\"footer-newsletter-summary\"><p>{{settings.newsletter_summary}}</p></div>\n{{/if}}\n\n<form class=\"form\" action=\"{{urls.subscribe.action}}\" method=\"post\">\n    <fieldset class=\"form-fieldset\">\n        <input type=\"hidden\" name=\"action\" value=\"subscribe\">\n        <input type=\"hidden\" name=\"nl_first_name\" value=\"bc\">\n        <input type=\"hidden\" name=\"check\" value=\"1\">\n        <div class=\"form-field\">\n            <label class=\"form-label is-srOnly\" for=\"nl_email\">{{lang 'common.email_address'}}</label>\n            <div class=\"form-prefixPostfix wrap\">\n                <i class=\"icon\" aria-hidden=\"true\">\n                    <svg><use xlink:href=\"#icon-mail\" /></svg>\n                </i>\n                <input class=\"form-input\"\n                       id=\"nl_email\"\n                       name=\"nl_email\"\n                       type=\"email\"\n                       value=\"{{customer.email}}\"\n                       placeholder=\"{{lang 'newsletter.email_placeholder'}}\"\n                       aria-describedby=\"alertBox-message-text\"\n                       aria-required=\"true\"\n                       required\n                >\n                <input class=\"button button--primary form-prefixPostfix-button--postfix\"\n                       type=\"submit\"\n                       value=\"{{lang 'newsletter.subscribe_submit'}}\"\n                >\n            </div>\n        </div>\n    </fieldset>\n</form>\n",
  "components/common/payment-icons": "{{#with theme_settings}}\n    {{#or show_accept_amex show_accept_discover show_accept_mastercard show_accept_paypal show_accept_visa show_accept_amazonpay show_accept_googlepay show_accept_klarna}}\n    <div class=\"footer-payment-icons\">\n        {{#if show_accept_amex}}\n        <svg class=\"footer-payment-icon\"><use xlink:href=\"#icon-logo-american-express\"></use></svg>\n        {{/if}}\n        {{#if show_accept_discover}}\n        <svg class=\"footer-payment-icon\"><use xlink:href=\"#icon-logo-discover\"></use></svg>\n        {{/if}}\n        {{#if show_accept_mastercard}}\n        <svg class=\"footer-payment-icon\"><use xlink:href=\"#icon-logo-mastercard\"></use></svg>\n        {{/if}}\n        {{#if show_accept_paypal}}\n        <svg class=\"footer-payment-icon\"><use xlink:href=\"#icon-logo-paypal\"></use></svg>\n        {{/if}}\n        {{#if show_accept_visa}}\n        <svg class=\"footer-payment-icon\"><use xlink:href=\"#icon-logo-visa\"></use></svg>\n        {{/if}}\n        {{#if show_accept_amazonpay}}\n        <svg class=\"footer-payment-icon\"><use xlink:href=\"#icon-logo-amazonpay\"></use></svg>\n        {{/if}}\n        {{#if show_accept_googlepay}}\n        <svg class=\"footer-payment-icon\"><use xlink:href=\"#icon-logo-googlepay\"></use></svg>\n        {{/if}}\n        {{#if show_accept_applepay}}\n        <svg class=\"footer-payment-icon footer-payment-icon-apple\"><use xlink:href=\"#icon-logo-apple-pay\"></use></svg>\n        {{/if}}\n        {{#if show_accept_klarna}}\n        <svg class=\"footer-payment-icon\"><use xlink:href=\"#icon-logo-klarna\"></use></svg>\n        {{/if}}\n    </div>\n    {{/or}}\n{{/with}}\n",
  "components/common/modal/modal-close-btn": "<button class=\"modal-close\"\n        type=\"button\"\n        title=\"{{lang 'common.close'}}\"\n        {{additional_attr}}\n>\n    <span class=\"aria-description--hidden\">{{lang 'common.close'}}</span>\n    <span aria-hidden=\"true\">&#215;</span>\n</button>\n",
  "components/common/navigation-list": "{{#if children}}\n<a class=\"navPages-action has-subMenu{{#if is_active}} activePage{{/if}}\"\n   href=\"{{url}}\"\n   data-collapsible=\"navPages-{{id}}\"\n>\n    {{name}}\n    <i class=\"icon navPages-action-moreIcon\" aria-hidden=\"true\">\n        <svg><use xlink:href=\"#icon-chevron-down\" /></svg>\n    </i>\n</a>\n<div class=\"column-menu navPage-subMenu\" id=\"navPages-{{id}}\" aria-hidden=\"true\" tabindex=\"-1\">\n    <ul class=\"navPage-subMenu-list\">\n        {{#each children}}\n            <li class=\"navPage-subMenu-item\">\n                <i class=\"icon navPages-action-moreIcon\" aria-hidden=\"true\"><svg><use xlink:href=\"#icon-chevron-right\" /></svg></i>\n                <a class=\"navPage-subMenu-action navPages-action{{#if is_active}} activePage{{/if}}\" href=\"{{url}}\">{{name}}</a>\n                {{#if children}}\n                    <i class=\"icon navPages-action-moreIcon navPages-action-closed\" aria-hidden=\"true\"><svg><use xlink:href=\"#icon-plus\" /></svg></i>\n                    <i class=\"icon navPages-action-moreIcon navPages-action-open\" aria-hidden=\"true\"><svg><use xlink:href=\"#icon-minus\" /></svg></i>\n                {{/if}}\n                \n            </li>\n            {{#if children}}\n                {{#each children}}\n                    <li class=\"navPage-childList-item\">\n                        <a class=\"navPage-childList-action navPages-action{{#if is_active}} activePage{{/if}}\" href=\"{{url}}\">{{name}}</a>\n                    </li>\n                {{/each}}\n            {{/if}}\n        {{/each}}\n    </ul>\n</div>\n{{else}}\n<a class=\"navPages-action{{#if is_active}} activePage{{/if}}\"\n   href=\"{{url}}\"\n   aria-label=\"{{name}}\"\n>\n    {{name}}\n</a>\n{{/if}}\n",
  "components/common/navigation-list-alternate": "{{#if children}}\n    <a class=\"navPages-action navPages-action-depth-max has-subMenu is-root{{#if is_active}} activePage{{/if}}\"\n       href=\"{{url}}\"\n       data-collapsible=\"navPages-{{id}}\"\n       aria-label=\"{{name}}\"\n    >\n        {{name}}\n        <i class=\"icon navPages-action-moreIcon\" aria-hidden=\"true\">\n            <svg><use xlink:href=\"#icon-chevron-down\" /></svg>\n        </i>\n    </a>\n    {{> components/common/navigation-dropdown}}\n{{else}}\n    <a class=\"navPages-action{{#if is_active}} activePage{{/if}}\"\n       href=\"{{url}}\"\n       aria-label=\"{{name}}\"\n    >\n        {{name}}\n    </a>\n{{/if}}\n",
  "components/common/currency-selector": "{{#if currency_selector.currencies.length '>' 1}}\n    <li class=\"navUser-item navUser-item-currency\">\n        <a class=\"navUser-action navUser-action--currencySelector has-dropdown\" href=\"#\" data-dropdown=\"currencySelection\" aria-controls=\"currencySelection\" aria-expanded=\"false\">{{lang 'common.currency' code=currency_selector.active_currency_code}} <i class=\"icon\" aria-hidden=\"true\"><svg><use xlink:href=\"#icon-downselector-small\" /></svg></i></a>\n        <ul class=\"dropdown-menu\" id=\"currencySelection\" data-dropdown-content aria-hidden=\"true\" tabindex=\"-1\">\n            {{#each currency_selector.currencies}}\n            <li class=\"dropdown-menu-item\">\n                <a href=\"{{{switch_url}}}\"\n                   data-currency-code=\"{{{code}}}\"\n                   {{#if cart_currency_switch_url.length '>' 0 }}\n                   data-cart-currency-switch-url=\"{{{cart_currency_switch_url}}}\"\n                   {{/if}}\n                   data-warning=\"{{lang 'common.currency_switch_promotion'}}\"\n                >\n                {{#if is_active}}\n                    <strong>{{name}}</strong>\n                {{else}}\n                    {{name}}\n                {{/if}}\n                </a>\n            </li>\n            {{/each}}\n        </ul>\n    </li>\n{{/if}}\n",
  "components/common/navigation-dropdown": "<div class=\"navPage-subMenu navPage-subMenu-horizontal\" id=\"navPages-{{id}}\" aria-hidden=\"true\" tabindex=\"-1\">\n    <ul class=\"navPage-subMenu-list\">\n        {{#each children}}\n            <li class=\"navPage-subMenu-item-child\">\n                {{#if children}}\n                    <a class=\"navPage-subMenu-action navPages-action navPages-action-depth-max has-subMenu{{#if is_active}} activePage{{/if}}\" href=\"{{url}}\" data-collapsible=\"navPages-{{id}}\">\n                        <i class=\"icon navPages-secondLevel\" aria-hidden=\"true\"><svg><use xlink:href=\"#icon-arrow-right\" /></svg></i>\n                        {{name}}\n                        <i class=\"icon navPages-action-moreIcon navPages-action-more\" aria-hidden=\"true\"><svg><use xlink:href=\"#icon-plus\" /></svg></i>\n                        <i class=\"icon navPages-action-moreIcon navPages-action-less\" aria-hidden=\"true\"><svg><use xlink:href=\"#icon-minus\" /></svg></i>\n                    </a>\n                    {{> components/common/navigation-dropdown}}\n                {{else}}\n                    <a class=\"navPage-subMenu-action navPages-action{{#if is_active}} activePage{{/if}}\" href=\"{{url}}\">\n                        <i class=\"icon navPages-secondLevel\" aria-hidden=\"true\"><svg><use xlink:href=\"#icon-arrow-right\" /></svg></i>\n                        {{name}}\n                    </a>\n                {{/if}}\n            </li>\n        {{/each}}\n    </ul>\n</div>\n"
}