{
  "components/cart/item-options": " <form method=\"post\" action=\"{{urls.cart}}\" enctype=\"multipart/form-data\">\n    <input type=\"hidden\" name=\"item_id\" value=\"{{item.id}}\">\n    <p> Options\n        {{#each product.options}}\n            <div>{{{dynamicComponent 'components/products/options'}}}</div>\n        {{/each}}\n    </p>\n    <input type=\"submit\" class=\"btn btn-success\" value=\"Save\">\n</form>\n",
  "components/products/options/date": "<div class=\"form-field\" data-product-attribute=\"date\">\n    <label class=\"form-label form-label--alternate form-label--inlineSmall\" {{#if style}}style=\"{{style}}\" {{/if}}>\n        {{this.display_name}}:\n\n        {{> components/common/requireness-msg}}\n    </label>\n    <select class=\"form-select form-select--date\" name=\"attribute[{{this.id}}][month]\" {{#if required}}required{{/if}}>\n        <option value=\"\">{{lang 'common.month'}}</option>\n        {{#for 1 12}}\n            <option value=\"{{$index}}\" {{#if ../selected_date.month '==' $index}}selected=\"selected\"{{/if}}>\n                {{lang (concat 'common.short_months.' $index)}}\n            </option>\n        {{/for}}\n    </select>\n    <select class=\"form-select form-select--date\" name=\"attribute[{{this.id}}][day]\" {{#if required}}required{{/if}}>\n        <option value=\"\">{{lang 'common.day'}}</option>\n        {{#for 1 31}}\n            <option value=\"{{$index}}\" {{#if ../selected_date.day '==' $index}}selected=\"selected\"{{/if}}>\n                {{$index}}\n            </option>\n        {{/for}}\n    </select>\n    <select class=\"form-select form-select--date\" name=\"attribute[{{this.id}}][year]\" {{#if required}}required{{/if}}>\n        <option value=\"\">{{lang 'common.year'}}</option>\n        {{#for earliest_year latest_year}}\n            <option value=\"{{$index}}\" {{#if ../selected_date.year '==' $index}}selected=\"selected\"{{/if}}>\n                {{$index}}\n            </option>\n        {{/for}}\n        {{#if earliest_year '==' latest_year}}\n        <option value=\"{{earliest_year}}\" selected=\"selected\">{{earliest_year}}</option>\n        {{/if}}\n    </select>\n</div>\n",
  "components/products/options/input-file": "<div class=\"form-field\" data-product-attribute=\"input-file\">\n    <label class=\"form-label form-label--alternate form-label--inlineSmall\" for=\"attribute_file_{{id}}\">\n        {{ this.display_name }}:\n\n        {{> components/common/requireness-msg}}\n    </label>\n\n    <input class=\"form-file\" type=\"file\" id=\"attribute_file_{{id}}\" name=\"attribute[{{this.id}}]\" {{#if required}}required{{/if}}>\n    {{#if original_name}}\n        {{{lang 'products.file_option_set' url=file_url name=original_name}}}\n        <label>{{lang 'cart.remove_file'}}<input type=\"checkbox\" name=\"{{file_remove}}\"></label>\n    {{/if}}\n    <p class=\"form-fileDescription\">\n        {{#if file_size}}\n            {{lang 'products.max_filesize'}}\n            <strong>{{file_size}}{{lang 'products.kilobytes_abbreviation'}}</strong>,\n        {{/if}}\n        {{#if file_types}}\n            {{lang 'products.filetypes'}} <strong>{{file_types}}</strong>\n        {{/if}}\n    </p>\n\n</div>\n",
  "components/products/options/input-numbers": "<div class=\"form-field\" data-product-attribute=\"input-number\">\n    <label class=\"form-label form-label--alternate form-label--inlineSmall\" for=\"attribute_number_{{id}}\">\n        {{ this.display_name }}:\n\n        {{> components/common/requireness-msg}}\n    </label>\n\n    <input class=\"form-input\" type=\"number\" id=\"attribute_number_{{id}}\" {{#unless this.integer_only}}step=\"any\"{{/unless}} name=\"attribute[{{this.id}}]\" value=\"{{this.prefill}}\" {{#if required}}required{{/if}}>\n</div>\n",
  "components/products/options/product-list": "<div class=\"form-field\" data-product-attribute=\"product-list\" role=\"radiogroup\" aria-labelledby=\"product-list-label\">\n    <label class=\"form-label form-label--alternate form-label--inlineSmall\" id=\"product-list-label\">\n        {{display_name}}:\n        <span data-option-value></span>\n\n        {{> components/common/requireness-msg}}\n    </label>\n\n    {{#if values.0.image}}\n        <ul class=\"productOptions-list\">\n            {{#unless required}}\n                <li class=\"productOptions-list-item\">\n                    <input class=\"form-radio\"\n                           type=\"radio\"\n                           name=\"attribute[{{id}}]\"\n                           value=\"\"\n                           id=\"attribute_productlist_{{id}}_none\"\n                           checked=\"{{#if defaultValue '==' ''}}checked{{/if}}\">\n                    <label class=\"form-label\" for=\"attribute_productlist_{{id}}_none\">{{lang 'products.none'}}</label>\n                </li>\n            {{/unless}}\n            {{#each values}}\n                <li class=\"productOptions-list-item\" data-product-attribute-value=\"{{id}}\">\n                    {{#if image}}\n                        <figure class=\"productOptions-list-item-figure\">\n                            <img class=\"productOptions-list-item-image lazyload\" data-sizes=\"auto\" src=\"{{cdn 'img/loading.svg'}}\" data-src=\"{{getImage image 'productthumb_size'}}\" alt=\"{{image.alt}}\" title=\"{{image.alt}}\">\n                        </figure>\n                    {{/if}}\n                    <div class=\"productOptions-list-item-content\">\n                        <input\n                            class=\"form-radio\"\n                            type=\"radio\"\n                            name=\"attribute[{{../id}}]\"\n                            value=\"{{id}}\"\n                            id=\"attribute_productlist_{{../id}}_{{id}}\"\n                            {{#if selected}}\n                                checked\n                                data-default\n                            {{/if}}\n                            {{#if ../required}}required{{/if}}>\n                        <label data-product-attribute-value=\"{{id}}\" class=\"form-label\" for=\"attribute_productlist_{{../id}}_{{id}}\">{{label}}</label>\n                    </div>\n                </li>\n            {{/each}}\n        </ul>\n    {{else}}\n        {{#unless required}}\n        <input class=\"form-radio\"\n               type=\"radio\"\n               name=\"attribute[{{id}}]\"\n               value=\"0\"\n               id=\"attribute_productlist_0_{{id}}\"\n               {{#if defaultValue '==' 0}}checked{{/if}}>\n        <label class=\"form-label\" for=\"attribute_productlist_0_{{id}}\">{{lang 'products.none'}}</label>\n        {{/unless}}\n        {{#each values}}\n            <input\n                class=\"form-radio\"\n                type=\"radio\"\n                name=\"attribute[{{../id}}]\"\n                value=\"{{id}}\"\n                id=\"attribute_productlist_{{../id}}_{{id}}\"\n                {{#if selected}}checked{{/if}}\n                {{#if ../required}}required{{/if}}>\n            <label data-product-attribute-value=\"{{id}}\" class=\"form-label\" for=\"attribute_productlist_{{../id}}_{{id}}\">{{label}}</label>\n        {{/each}}\n    {{/if}}\n</div>\n",
  "components/products/options/input-checkbox": "<div class=\"form-field\" data-product-attribute=\"input-checkbox\">\n    <label class=\"form-label form-label--alternate form-label--inlineSmall\">\n        {{display_name}}:\n\n        {{> components/common/requireness-msg}}\n    </label>\n    <input type=\"hidden\" name=\"attribute[{{id}}]\" value=\"{{noValue}}\" />\n    <div class=\"form-option-wrapper\">\n        <input\n            class=\"form-checkbox\"\n            type=\"checkbox\"\n            name=\"attribute[{{id}}]\"\n            id=\"attribute-check-{{id}}\"\n            value=\"{{value}}\"\n            {{#if checked}}\n                checked\n                data-default\n            {{/if}}\n            {{#if required}}required{{/if}}>\n\n        <label class=\"form-label {{class}}\" for=\"attribute-check-{{id}}\">{{label}}</label>\n    </div>\n</div>\n",
  "components/products/options/set-radio": "<div class=\"form-field\" data-product-attribute=\"set-radio\" role=\"radiogroup\" aria-labelledby=\"radio-group-label-{{id}}\">\n    <label class=\"form-label form-label--alternate form-label--inlineSmall\" id=\"radio-group-label-{{id}}\">\n        {{ this.display_name }}:\n\n        {{> components/common/requireness-msg}}\n    </label>\n\n    {{#unless required}}\n        <input\n            class=\"form-radio\"\n            type=\"radio\"\n            id=\"attribute_radio_{{id}}_none\"\n            name=\"attribute[{{id}}]\"\n            value=\"\"\n            checked=\"{{#if defaultValue '==' ''}}checked{{/if}}\"\n        >\n        <label class=\"form-label\" for=\"attribute_radio_{{id}}_none\">{{lang 'products.none'}}</label>\n    {{/unless}}\n\n    {{#each this.values}}\n        <input\n            class=\"form-radio\"\n            type=\"radio\"\n            id=\"attribute_radio_{{../id}}_{{id}}\"\n            name=\"attribute[{{../id}}]\"\n            value=\"{{id}}\"\n            {{#if selected}}\n                checked\n                data-default\n            {{/if}}\n            {{#if ../required}}required{{/if}}>\n        <label data-product-attribute-value=\"{{id}}\" class=\"form-label\" for=\"attribute_radio_{{../id}}_{{id}}\">{{this.label}}</label>\n    {{/each}}\n</div>\n",
  "components/products/options/input-text": "<div class=\"form-field\" data-product-attribute=\"input-text\">\n    <label class=\"form-label form-label--alternate form-label--inlineSmall\" for=\"attribute_text_{{id}}\">\n        {{ this.display_name }}:\n\n        {{> components/common/requireness-msg}}\n    </label>\n\n    <input class=\"form-input form-input--small\" type=\"text\" id=\"attribute_text_{{id}}\" name=\"attribute[{{this.id}}]\" value=\"{{this.prefill}}\" {{#if required}}required{{/if}} {{#if max_length}}maxlength=\"{{max_length}}\"{{/if}}>\n</div>\n",
  "components/products/options/set-rectangle": "<div class=\"form-field\" data-product-attribute=\"set-rectangle\" role=\"radiogroup\" aria-labelledby=\"rectangle-group-label\">\n    <label class=\"form-label form-label--alternate form-label--inlineSmall\" id=\"rectangle-group-label\">\n        {{this.display_name}}:\n        <span data-option-value></span>\n\n        {{> components/common/requireness-msg}}\n    </label>\n\n    {{#unless required}}\n        <input\n            class=\"form-radio\"\n            type=\"radio\"\n            id=\"attribute_rectangle__{{../id}}_none\"\n            name=\"attribute[{{../id}}]\"\n            value=\"\"\n            checked=\"{{#if defaultValue '==' ''}}checked{{/if}}\"\n        >\n        <label class=\"form-option\" for=\"attribute_rectangle__{{../id}}_none\">\n            <span class=\"form-option-variant\">{{lang 'products.none'}}</span>\n        </label>\n    {{/unless}}\n\n    {{#each this.values}}\n    <div class=\"form-option-wrapper\">    \n        <input\n            class=\"form-radio\"\n            type=\"radio\"\n            id=\"attribute_rectangle__{{../id}}_{{id}}\"\n            name=\"attribute[{{../id}}]\"\n            value=\"{{id}}\"\n            {{#if selected}}\n                checked\n                data-default\n            {{/if}}\n            {{#if ../required}}required{{/if}}\n        >\n        <label class=\"form-option\" for=\"attribute_rectangle__{{../id}}_{{id}}\" data-product-attribute-value=\"{{id}}\">\n            <span class=\"form-option-variant\">{{this.label}}</span>\n        </label>\n    </div>\n    {{/each}}\n</div>\n",
  "components/products/options/set-select": "<div class=\"form-field\" data-product-attribute=\"set-select\">\n    <label class=\"form-label form-label--alternate form-label--inlineSmall\" for=\"attribute_select_{{id}}\">\n        {{ this.display_name }}:\n\n        {{> components/common/requireness-msg}}\n    </label>\n\n    <select class=\"form-select form-select--small\" name=\"attribute[{{this.id}}]\" id=\"attribute_select_{{id}}\" {{#if required}}required{{/if}}>\n        <option value=\"\">{{lang 'products.choose_options'}}</option>\n        {{#each this.values}}\n            <option data-product-attribute-value=\"{{id}}\" value=\"{{id}}\" {{#if selected}}selected data-default{{/if}}>{{label}}</option>\n        {{/each}}\n    </select>\n</div>\n",
  "components/products/options/swatch": "<div class=\"form-field\" data-product-attribute=\"swatch\" role=\"radiogroup\" aria-labelledby=\"swatchGroup_{{id}}\">\n    <label class=\"form-label form-label--alternate form-label--inlineSmall\" id=\"swatchGroup_{{id}}\">\n        {{this.display_name}}:\n        <span data-option-value></span>\n\n        {{> components/common/requireness-msg}}\n    </label>\n    <span\n        class=\"swatch-option-message aria-description--hidden u-hidden\">\n        {{ lang 'products.swatch_option_announcement' swatch_name=this.display_name}}\n    </span>\n\n    {{#unless required}}\n        <input\n            class=\"form-radio\"\n            type=\"radio\"\n            name=\"attribute[{{id}}]\"\n            value=\"\"\n            id=\"attribute_swatch_{{id}}_none\"\n            checked=\"{{#if defaultValue '==' ''}}checked{{/if}}\"\n            aria-label=\"{{lang 'products.none'}}\"\n        >\n        <label class=\"form-option form-option-swatch\" for=\"attribute_swatch_{{id}}_none\">\n            <span class='form-option-variant form-option-variant--none' title=\"{{lang 'products.none'}}\">{{lang 'products.none'}}</span>\n        </label>\n    {{/unless}}\n\n    {{#each this.values}}\n    <div class=\"form-option-wrapper\">\n        <input class=\"form-radio\"\n               type=\"radio\"\n               name=\"attribute[{{../id}}]\"\n               value=\"{{id}}\"\n               id=\"attribute_swatch_{{../id}}_{{id}}\"\n               {{#if selected}}checked data-default{{/if}}\n               {{#if ../required}}required{{/if}}\n               aria-label=\"{{this.label}}\"\n        >\n        <label class=\"form-option form-option-swatch\" for=\"attribute_swatch_{{../id}}_{{id}}\" data-product-attribute-value=\"{{id}}\">\n            {{#if image}}\n                <span class='form-option-variant form-option-variant--pattern' title=\"{{this.label}}\" style=\"background-image: url('{{getImage image \"swatch_option_size\"}}');\"></span>\n            {{/if}}\n            {{#if data.[2]}}\n                <span class='form-option-variant form-option-variant--color' title=\"{{this.label}}\" style=\"background-color: #{{data.[0]}}\"></span>\n                <span class='form-option-variant form-option-variant--color' title=\"{{this.label}}\" style=\"background-color: #{{data.[1]}}\"></span>\n                <span class='form-option-variant form-option-variant--color' title=\"{{this.label}}\" style=\"background-color: #{{data.[2]}}\"></span>\n            {{else}}\n                {{#if data.[1]}}\n                    <span class='form-option-variant form-option-variant--color' title=\"{{this.label}}\" style=\"background-color: #{{data.[0]}}\"></span>\n                    <span class='form-option-variant form-option-variant--color' title=\"{{this.label}}\" style=\"background-color: #{{data.[1]}}\"></span>\n                {{else}}\n                    {{#if data.[0]}}\n                        <span class='form-option-variant form-option-variant--color' title=\"{{this.label}}\" style=\"background-color: #{{data.[0]}}\"></span>\n                    {{/if}}\n                {{/if}}\n            {{/if}}\n            {{#if pattern}}\n                <span class=\"form-option-expanded\">\n                    <span class=\"form-option-image\" style=\"background-image: url('{{getImage image 'core-swatch'}}');\"></span>\n                </span>\n            {{/if}}\n        </label>\n    </div>\n    {{/each}}\n</div>\n",
  "components/products/options/textarea": "<div class=\"form-field\" data-product-attribute=\"textarea\">\n    <label class=\"form-label form-label--alternate form-label--inlineSmall\" for=\"attribute_textarea_{{id}}\">\n        {{display_name}}:\n\n        {{> components/common/requireness-msg}}\n    </label>\n\n    <textarea class=\"form-input\" id=\"attribute_textarea_{{id}}\" name=\"attribute[{{id}}]\" {{#if required}}required{{/if}} {{#if max_length}}maxlength={{max_length}}{{/if}}>{{prefill}}</textarea>\n</div>\n",
  "components/common/requireness-msg": "<small {{#if required}}class=\"is-required\"{{/if}}>\n    {{#if required}}\n    ({{lang 'common.required'}})\n    {{else}}\n    {{lang 'common.optional'}}\n    {{/if}}\n</small>\n"
}