{
  "components/search/product-listing": "{{inject 'noCompareMessage' (lang 'compare.no_compare')}}\n\n{{#if product_results.products.length}}\n    {{> components/products/filter sort=pagination.product_results.sort}}\n\n    <form action=\"{{urls.compare}}\" method='POST' {{#if settings.data_tag_enabled}} data-list-name=\"Search Results\" {{/if}} data-product-compare>\n        {{#if theme_settings.product_list_display_mode '===' 'grid'}}\n            {{#if settings.data_tag_enabled}}\n                {{> components/products/grid products=product_results.products show_compare=product_results.show_compare event=\"list\" theme_settings=theme_settings}}\n            {{else}}\n                {{> components/products/grid products=product_results.products show_compare=product_results.show_compare theme_settings=theme_settings}}\n            {{/if}}\n        {{else}}\n            {{#if settings.data_tag_enabled}}\n                {{> components/products/list products=product_results.products show_compare=product_results.show_compare event=\"list\" theme_settings=theme_settings}}\n             {{else}}\n                {{> components/products/list products=product_results.products show_compare=product_results.show_compare theme_settings=theme_settings}}\n            {{/if}}\n        {{/if}}\n    </form>\n    \n    {{> components/common/paginator pagination.product_results}}\n{{/if}}\n",
  "components/products/grid": "<ul class=\"productGrid\">\n    {{#each products}}\n    <li class=\"product\">\n            {{>components/products/card settings=../settings show_compare=../show_compare show_rating=../settings.show_product_rating theme_settings=../theme_settings customer=../customer event=../event position=(add @index 1)}}\n    </li>\n    {{/each}}\n</ul>\n",
  "components/products/filter": "<form class=\"actionBar sort-products\" method=\"get\" data-sort-by=\"product\">\n    {{> components/category/sort-box sort=sort}}\n</form>\n",
  "components/products/list": "<ul class=\"productList\">\n    {{#each products}}\n    <li class=\"product\">\n\t\t{{>components/products/list-item show_compare=../show_compare show_rating=../settings.show_product_rating theme_settings=../theme_settings customer=../customer event=../event settings=../settings position=(add @index 1)}}\n    </li>\n    {{/each}}\n</ul>\n",
  "components/common/paginator": "<nav class=\"pagination\" aria-label=\"pagination\">\n    <ul class=\"pagination-list\">\n        {{#if previous}}\n            <li class=\"pagination-item pagination-item--previous\">\n                <a class=\"pagination-link\"\n                   href=\"{{previous}}\"\n                   {{#unless reload}}data-faceted-search-facet{{/unless}}\n                   aria-label=\"{{lang 'common.previous'}}\"\n                >\n                    <i class=\"icon\" aria-hidden=\"true\">\n                        <svg>\n                            <use xmlns:xlink=\"http://www.w3.org/1999/xlink\" xlink:href=\"#icon-chevron-left\"></use>\n                        </svg>\n                    </i>\n                    {{lang 'common.previous'}}\n                </a>\n            </li>\n        {{/if}}\n        {{#each links}}\n            <li class=\"pagination-item {{#if this.number '==' ../current}}pagination-item--current{{/if}}\">\n                <a class=\"pagination-link\"\n                   href=\"{{this.url}}\"\n                   {{#unless reload}}data-faceted-search-facet{{/unless}}\n                   {{#if this.number '==' ../current}}\n                   aria-current=\"page\"\n                   data-pagination-current-page-link\n                   {{/if}}\n                   aria-label=\"{{lang 'common.paginator.page_of' current=this.number total=../links.length}}\"\n                >\n                    {{this.number}}\n                </a>\n            </li>\n        {{/each}}\n\n        {{#if next}}\n            <li class=\"pagination-item pagination-item--next\">\n                <a class=\"pagination-link\"\n                   href=\"{{next}}\"\n                   {{#unless reload}}data-faceted-search-facet{{/unless}}\n                   aria-label=\"{{lang 'common.next'}}\"\n                >\n                    {{lang 'common.next'}}\n                    <i class=\"icon\" aria-hidden=\"true\">\n                        <svg>\n                            <use xmlns:xlink=\"http://www.w3.org/1999/xlink\" xlink:href=\"#icon-chevron-right\"></use>\n                        </svg>\n                    </i>\n                </a>\n            </li>\n        {{/if}}\n    </ul>\n</nav>\n",
  "components/products/card": "<article\n    class=\"card\n    {{#if alternate}} card--alternate{{/if}}\n    {{#or price.non_sale_price_with_tax price.non_sale_price_without_tax}} has-sale-price{{/or}}\"\n    {{#if settings.data_tag_enabled}}\n        data-event-type=\"{{event}}\"\n        data-entity-id=\"{{id}}\"\n        data-position=\"{{position}}\"\n        data-name=\"{{name}}\"\n        data-product-category=\"\n        {{#each category}}\n            {{#if @last}}\n                {{this}}\n            {{else}}\n                {{this}}, \n            {{/if}}\n        {{/each}}\"\n        data-product-brand=\"{{brand.name}}\"\n        data-product-price=\"\n        {{#or customer (unless theme_settings.restrict_to_login)}}\n            {{#if price.with_tax}}\n                {{price.with_tax.value}}\n            {{else}}\n                {{price.without_tax.value}}\n            {{/if}}\n        {{else}}\n            {{lang 'common.login_for_pricing'}}\n        {{/or}}\"\n    {{/if}}>\n    <figure class=\"card-figure\">\n        {{#or price.sale_price_with_tax.value price.sale_price_without_tax.value}}\n            {{#if theme_settings.show_sale_badges}}\n                <div class=\"sale-flag-side\">\n                    <span class=\"sale-text\">Sale</span>\n                </div>\n            {{/if}}\n        {{/or}}\n        {{#if theme_settings.show-stock-badge}}\n            {{#if stock_level}}\n                {{#lte stock_level 5}}\n                    <div class=\"stock-badge\">\n                        <span class=\"stock-message\">Only {{stock_level}} left in stock</span>\n                    </div>\n                {{/lte}}\n            {{/if}}\n            {{#if out_of_stock_message}}\n                <div class=\"stock-badge\">\n                    <span class=\"stock-message\">{{{out_of_stock_message}}}</span>\n                </div>\n            {{/if}}\n        {{/if}}\n\n        {{#is stock_level 0}}\n            {{#unless out_of_stock_message}}\n                <div class=\"stock-badge\">\n                    <span class=\"stock-message\">Out of stock</span>\n                </div>\n            {{/unless}}\n        {{/is}}\n\n        <a href=\"{{url}}\" \n           class=\"card-figure__link\"\n           aria-label=\"{{> components/products/product-info}}\"\n           {{#if settings.data_tag_enabled}} data-event-type=\"product-click\" {{/if}}\n        >\n            <div class=\"card-img-container\">\n                <img class=\"card-image lazyload\" data-sizes=\"auto\" src=\"{{cdn 'img/loading.svg'}}\" data-src=\"{{getImage image 'productgallery_size' (cdn theme_settings.default_image_product)}}\" alt=\"{{image.alt}}\" title=\"{{image.alt}}\">\n            </div>\n        </a>\n        {{#or theme_settings.show_product_quick_view show_cart_action show_compare}}\n            <figcaption class=\"card-figcaption\">\n                <div class=\"card-figcaption-body\">\n                    <div class=\"card-figcaption--action-buttons\">\n                    {{#unless hide_product_quick_view}}\n                        {{#if theme_settings.show_product_quick_view}}\n                            {{#if settings.data_tag_enabled}}\n                                <a class=\"button button--secondary button--small card-figcaption-button quickview\" data-event-type=\"product-click\" data-product-id=\"{{id}}\">{{lang 'products.quick_view'}}</a>\n                            {{else}}\n                                <a class=\"button button--secondary button--small card-figcaption-button quickview\" data-product-id=\"{{id}}\">{{lang 'products.quick_view'}}</a>\n                            {{/if}}\n                        {{/if}}\n                    {{/unless}}\n                    {{#or customer (if theme_settings.restrict_to_login '!==' true)}}\n                        {{#if show_cart_action}}\n                            {{#if has_options}}\n                                <a href=\"{{url}}\" data-event-type=\"product-click\" class=\"button button--small card-figcaption-button\" data-product-id=\"{{id}}\">{{lang 'products.choose_options'}}</a>\n                            {{/if}}\n                            {{#if pre_order}}\n                                <a href=\"{{pre_order_add_to_cart_url}}\" data-event-type=\"product-click\" class=\"button button--small card-figcaption-button\">{{lang 'products.pre_order'}}</a>\n                            {{/if}}\n                            {{#if add_to_cart_url }}\n                                <a href=\"{{add_to_cart_url}}\" data-event-type=\"product-click\" class=\"button button--small card-figcaption-button\">{{lang 'products.add_to_cart'}}</a>\n                            {{/if}}\n                            {{#if out_of_stock_message }}\n                                <a href=\"{{url}}\" data-event-type=\"product-click\" class=\"button button--small card-figcaption-button\" data-product-id=\"{{id}}\">{{out_of_stock_message}}</a>\n                            {{/if}}\n                        {{/if}}\n                    {{/or}}\n                    </div>\n                    {{#if show_compare}}\n                        <label class=\"card-compare\" for=\"compare-{{id}}\">\n                            <input type=\"checkbox\" class=\"compare-input\" name=\"products[]\" value=\"{{id}}\" id=\"compare-{{id}}\" data-compare-id=\"{{id}}\"> <span style=\"display:none;\">Remove from </span>{{lang 'products.compare'}}\n                        </label>\n                        <div class=\"compare-button-wrap\">\n                            <a class=\"compare-button\" href=\"{{urls.compare}}\" data-compare-nav>Compare <span class=\"countPill countPill--positive countPill--alt\"></span> Items</a>\n                        </div>\n                    {{/if}}\n                </div>\n            </figcaption>\n        {{/or}}\n    </figure>\n    <div class=\"card-body\">\n        <div>\n            <h4 class=\"card-title\">\n                <a aria-label=\"{{> components/products/product-info}}\" \n                    href=\"{{url}}\"\n                    {{#if settings.data_tag_enabled}} data-event-type=\"product-click\" {{/if}}\n                >\n                    {{name}}\n                </a>\n            </h4>\n            <div class=\"card-text\"data-test-info-type=\"price\">\n                {{#or customer (if theme_settings.restrict_to_login '!==' true)}}\n                    {{> components/products/price price=price}}\n                {{else}}\n                    {{> components/common/login-for-pricing}}\n                {{/or}}\n            </div>\n            {{#if theme_settings.card-show-brand}}\n                {{#if brand.name}}\n                    <p class=\"card-text brand-name\" data-test-info-type=\"brandName\">{{brand.name}}</p>\n                {{else}}\n                    <p></p>\n                {{/if}}\n            {{/if}}\n        </div>\n\n        <div class=\"card-details\">\n            {{#and rating show_rating}}\n                <p class=\"card-text\" data-test-info-type=\"productRating\">\n                    <span class=\"rating--small\">\n                        {{> components/products/ratings rating=rating}}\n                    </span>\n                </p>\n            {{/and}}\n            \n            {{> components/products/bulk-discount-rates}}\n        </div>\n    </div>\n</article>\n",
  "components/category/sort-box": "<fieldset class=\"form-fieldset actionBar-section\">\n    <div class=\"form-field\">\n        <label class=\"form-label\" for=\"sort\">{{lang 'common.sorter.sort_by'}}</label>\n        <select class=\"form-select form-select--small \" name=\"sort\" id=\"sort\" role=\"listbox\">\n            <option value=\"featured\" {{#if sort '==' 'featured'}}selected{{/if}}>{{lang 'common.sorter.featured'}}</option>\n            <option value=\"newest\" {{#if sort '==' 'newest'}}selected{{/if}}>{{lang 'common.sorter.newest'}}</option>\n            <option value=\"bestselling\" {{#if sort '==' 'bestselling'}}selected{{/if}}>{{lang 'common.sorter.top_sellers'}}</option>\n            <option value=\"alphaasc\" {{#if sort '==' 'alphaasc'}}selected{{/if}}>{{lang 'common.sorter.alpha_asc'}}</option>\n            <option value=\"alphadesc\" {{#if sort '==' 'alphadesc'}}selected{{/if}}>{{lang 'common.sorter.alpha_desc'}}</option>\n            <option value=\"avgcustomerreview\" {{#if sort '==' 'avgcustomerreview'}}selected{{/if}}>{{lang 'common.sorter.reviews'}}</option>\n            <option value=\"priceasc\" {{#if sort '==' 'priceasc'}}selected{{/if}}>{{lang 'common.sorter.price_asc'}}</option>\n            <option value=\"pricedesc\" {{#if sort '==' 'pricedesc'}}selected{{/if}}>{{lang 'common.sorter.price_desc'}}</option>\n            {{#if result_count}}\n                <option value=\"relevance\" {{#if sort '==' 'relevance'}}selected{{/if}}>{{lang 'common.sorter.relevance'}}</option>\n            {{/if}}\n        </select>\n    </div>\n</fieldset>\n",
  "components/products/list-item": "{{#if settings.data_tag_enabled}}\r\n    <article class=\"listItem\" data-event-type=\"{{event}}\" data-entity-id=\"{{id}}\" data-position=\"{{position}}\" data-name=\"{{name}}\" data-product-category=\"{{#each category}}{{#if @last}}{{this}}{{else}}{{this}}, {{/if}}{{/each}}\" data-product-brand=\"{{brand.name}}\" data-product-price=\"\r\n    {{#or customer (unless theme_settings.restrict_to_login)}}\r\n        {{#if price.with_tax}}\r\n            {{price.with_tax.value}}\r\n        {{else}}\r\n            {{price.without_tax.value}}\r\n        {{/if}}\r\n    {{else}}\r\n        {{lang 'common.login_for_pricing'}}\r\n    {{/or}}\">\r\n{{else}}\r\n    <article class=\"listItem\">\r\n{{/if}}\r\n    <figure class=\"listItem-figure\">\r\n        <a href=\"{{url}}\"\r\n           class=\"listItem-figure__link\"\r\n           aria-label=\"{{> components/products/product-info}}\"\r\n           {{#if settings.data_tag_enabled}}\r\n           data-event-type=\"product-click\"\r\n           {{/if}}\r\n        >\r\n        {{#if stock_level '===' 0}}\r\n            {{#if theme_settings.pdp_sold_out_label '===' ''}}\r\n                {{> components/products/product-badge\r\n                    badge-type='sold-out'\r\n                    badge_view=theme_settings.product_sold_out_badges\r\n                    badge_label=(lang \"page_builder.pdp_sold_out_label\")\r\n                }}\r\n            {{else}}\r\n                {{> components/products/product-badge\r\n                    badge-type='sold-out'\r\n                    badge_view=theme_settings.product_sold_out_badges\r\n                    badge_label=theme_settings.pdp_sold_out_label\r\n                }}\r\n            {{/if}}\r\n        {{else}}\r\n            {{#or price.sale_price_with_tax.value price.sale_price_without_tax.value}}\r\n                {{#if theme_settings.pdp_sale_badge_label '===' ''}}\r\n                    {{> components/products/product-badge\r\n                        badge-type='sale'\r\n                        badge_view=theme_settings.product_sale_badges\r\n                        badge_label=(lang \"page_builder.pdp_sale_badge_label\")\r\n                    }}\r\n                {{else}}\r\n                    {{> components/products/product-badge\r\n                        badge-type='sale'\r\n                        badge_view=theme_settings.product_sale_badges\r\n                        badge_label=theme_settings.pdp_sale_badge_label\r\n                    }}\r\n                {{/if}}\r\n            {{/or}}\r\n        {{/if}}\r\n        {{> components/common/responsive-img\r\n            image=image\r\n            class=\"listItem-image\"\r\n            fallback_size=theme_settings.productgallery_size\r\n            lazyload=theme_settings.lazyload_mode\r\n            default_image=theme_settings.default_image_product\r\n        }}\r\n        </a>\r\n        {{#unless hide_product_quick_view}}\r\n            {{#if theme_settings.show_product_quick_view}}\r\n                <div class=\"listItem-figureBody\">\r\n                    <button type=\"button\" {{#if settings.data_tag_enabled}} data-event-type=\"product-click\" {{/if}} class=\"button button--small listItem-button quickview\" data-product-id=\"{{id}}\">{{lang 'products.quick_view'}}</button>\r\n                </div>\r\n            {{/if}}\r\n        {{/unless}}\r\n    </figure>\r\n    <div class=\"listItem-body\">\r\n        <div class=\"listItem-content\">\r\n            <div class=\"listItem-details\">\r\n                {{#if show_rating}}\r\n                    <p class=\"listItem-rating\">{{> components/products/ratings rating_target=name rating=rating}}</p>\r\n                {{/if}}\r\n                {{#if brand.name}}\r\n                <p class=\"listItem-brand\">{{brand.name}}</p>\r\n                {{/if}}\r\n                <h4 class=\"listItem-title\">\r\n                    <a href=\"{{url}}\"\r\n                    aria-label=\"{{> components/products/product-info}}\"\r\n                    {{#if settings.data_tag_enabled}}\r\n                    data-event-type=\"product-click\"\r\n                    {{/if}}\r\n                    >\r\n                        {{name}}\r\n                    </a>\r\n                </h4>\r\n                {{#if summary}}\r\n                    <p>{{{summary}}}</p>\r\n                {{/if}}\r\n            </div>\r\n            <div class=\"listItem-actions\">\r\n                {{#or customer (if theme_settings.restrict_to_login '!==' true)}}\r\n                    {{#if price}}\r\n                        <div class=\"listItem-price\">{{> components/products/price price=price}}</div>\r\n                    {{/if}}\r\n                    {{#if show_cart_action}}\r\n                        {{#if has_options}}\r\n                            <a href=\"{{url}}\" {{#if settings.data_tag_enabled}} data-event-type=\"product-click\" {{/if}} class=\"button button--small\" data-product-id=\"{{id}}\">{{lang 'products.choose_options'}}</a>\r\n                        {{/if}}\r\n                        {{#if pre_order}}\r\n                            <a href=\"{{pre_order_add_to_cart_url}}\" data-event-type=\"product-click\" class=\"button button--primary\">{{lang 'products.pre_order'}}</a>\r\n                        {{/if}}\r\n                        {{#if add_to_cart_url }}\r\n                            <a href=\"{{add_to_cart_url}}\" {{#if settings.data_tag_enabled}} data-event-type=\"product-click\" {{/if}} class=\"button button--primary\">{{lang 'products.add_to_cart'}}</a>\r\n                        {{/if}}\r\n                        {{#if out_of_stock_message }}\r\n                            <a href=\"{{url}}\" data-event-type=\"product-click\" class=\"button button--small\" data-product-id=\"{{id}}\">{{out_of_stock_message}}</a>\r\n                        {{/if}}\r\n                    {{/if}}\r\n                {{else}}\r\n                    {{> components/common/login-for-pricing}}\r\n                {{/or}}\r\n                {{#if show_compare}}\r\n                    <label class=\"button button--small\" for=\"compare-{{id}}\">\r\n                        {{lang \"products.compare\"}} <input type=\"checkbox\" name=\"products[]\" value=\"{{id}}\" id=\"compare-{{id}}\" data-compare-id=\"{{id}}\">\r\n                    </label>\r\n                {{/if}}\r\n            </div>\r\n        </div>\r\n    </div>\r\n</article>\r\n",
  "components/products/product-info": "{{#or customer (unless theme_settings.restrict_to_login)}}\n{{name}}, {{> components/products/product-aria-label}}\n{{else}}\n{{name}}\n{{/or}}\"\n",
  "components/common/login-for-pricing": "<p translate>{{lang 'common.login_for_pricing'}}</p>\n",
  "components/products/price": "{{!-- There are 2 code paths for generating the PDP pricing HTML determined by the following #and condition.\nIf a 'price_range' exists then we generate all HTML in price-range.html, otherwise it is defined here. Both code\npaths generate the same HTML structure with some differences in whether that element is displayed by default (css styling).\n\nIf you are making a change here or in price-range.html, you probably want to make that change in both files. --}}\n\n{{#and price.price_range (if theme_settings.price_ranges '==' true)}}\n    {{> components/products/price-range price=price}}\n{{else}}\n    {{#if price.with_tax}}\n        <div class=\"price-section price-section--withTax\" {{#if schema_org}}itemprop=\"offers\" itemscope itemtype=\"http://schema.org/Offer\"{{/if}}>\n            <span class=\"price-section price-section--withTax non-sale-price--withTax\" {{#unless price.non_sale_price_with_tax}}style=\"display: none;\"{{/unless}}>\n                <span data-product-non-sale-price-with-tax class=\"price price--non-sale\">\n                    {{price.non_sale_price_with_tax.formatted}}\n                </span>\n            </span>\n            <span data-product-price-with-tax class=\"price\">{{price.with_tax.formatted}}</span>\n            <div class=\"price-section price-section--withTax rrp-price--withTax\" {{#unless price.rrp_with_tax}}style=\"display: none;\"{{/unless}}>\n                <span data-product-rrp-with-tax class=\"price price--rrp\"> {{price.rrp_with_tax.formatted}}</span>\n            </div>\n            {{#if schema_org}}\n                <meta itemprop=\"availability\" itemtype=\"https://schema.org/ItemAvailability\"\n                \tcontent=\"https://schema.org/{{#if product.pre_order}}PreOrder{{else if product.out_of_stock}}OutOfStock{{else if product.can_purchase '===' false}}OutOfStock{{else}}InStock{{/if}}\">\n                <meta itemprop=\"itemCondition\" itemtype=\"https://schema.org/OfferItemCondition\" content=\"https://schema.org/{{product.condition}}Condition\">\n                <meta itemprop=\"priceCurrency\" content=\"{{currency_selector.active_currency_code}}\">\n                <meta itemprop=\"url\" content=\"{{product.url}}\">\n                <div itemprop=\"priceSpecification\" itemscope itemtype=\"https://schema.org/PriceSpecification\">\n                    <meta itemprop=\"price\" content=\"{{price.with_tax.value}}\">\n                    <meta itemprop=\"priceCurrency\" content=\"{{currency_selector.active_currency_code}}\">\n                    <meta itemprop=\"valueAddedTaxIncluded\" content=\"true\">\n                </div>\n            {{/if}}\n            {{#if price.without_tax}}\n                <abbr title=\"{{lang 'products.including_tax'}}\">{{lang 'products.price_with_tax' tax_label=price.tax_label}}</abbr>\n            {{/if}}\n        </div>\n    {{/if}}\n    {{#if price.without_tax}}\n        <div class=\"price-section price-section--withoutTax {{#if price.with_tax}}price-section--minor{{/if}}\"  data-sku=\"{{sku}}\"  {{#if schema_org}}itemprop=\"offers\" itemscope itemtype=\"http://schema.org/Offer\"{{/if}}>\n            <span class=\"price-section price-section--withoutTax non-sale-price--withoutTax{{#if price.with_tax}} price-section--minor{{/if}}\" {{#unless price.non_sale_price_without_tax}}style=\"display: none;\"{{/unless}}>\n                <span data-product-non-sale-price-without-tax class=\"price price--non-sale\">\n                    {{price.non_sale_price_without_tax.formatted}}\n                </span>\n            </span>\n            <span data-product-price-without-tax class=\"price price--withoutTax{{#if price.with_tax}} price-section--minor{{/if}}\">{{price.without_tax.formatted}}</span>\n            <div class=\"price-section price-section--withoutTax rrp-price--withoutTax{{#if price.with_tax}} price-section--minor{{/if}}\" {{#unless price.rrp_without_tax}}style=\"display: none;\"{{/unless}}>\n                <span data-product-rrp-without-tax class=\"price price--rrp\">{{price.rrp_without_tax.formatted}}</span>\n            </div>\n            {{#if schema_org}}\n                <meta itemprop=\"availability\" itemtype=\"https://schema.org/ItemAvailability\"\n                    content=\"https://schema.org/{{#if product.pre_order}}PreOrder{{else if product.out_of_stock}}OutOfStock{{else if product.can_purchase '===' false}}OutOfStock{{else}}InStock{{/if}}\">\n                <meta itemprop=\"itemCondition\" itemtype=\"https://schema.org/OfferItemCondition\" content=\"https://schema.org/{{product.condition}}Condition\">\n                <meta itemprop=\"priceCurrency\" content=\"{{currency_selector.active_currency_code}}\">\n                <meta itemprop=\"url\" content=\"{{product.url}}\">\n                <div itemprop=\"priceSpecification\" itemscope itemtype=\"https://schema.org/PriceSpecification\">\n                    <meta itemprop=\"price\" content=\"{{price.without_tax.value}}\">\n                    <meta itemprop=\"priceCurrency\" content=\"{{currency_selector.active_currency_code}}\">\n                    <meta itemprop=\"valueAddedTaxIncluded\" content=\"false\">\n                </div>\n            {{/if}}\n            {{#if price.with_tax}}\n                <abbr title=\"{{lang 'products.excluding_tax'}}\">{{lang 'products.price_without_tax' tax_label=price.tax_label}}</abbr>\n            {{/if}}\n        </div>\n    {{/if}}\n    {{#if page_type '===' 'product'}}\n         <div class=\"price-section price-section--saving price\" {{#unless price.saved}}style=\"display: none;\"{{/unless}}>\n                <span class=\"price\">{{lang 'products.you_save_opening_text'}}</span>\n                <span data-product-price-saved class=\"price price--saving\">\n                    {{price.saved.formatted}}\n                </span>\n                <span class=\"price\">{{lang 'products.you_save_closing_bracket'}}</span>\n         </div>\n    {{/if}}\n{{/and}}\n",
  "components/products/bulk-discount-rates": "{{#if bulk_discount_rates.length}}\n    <dt class=\"productView-info-bulkPricing-name\">{{lang 'products.bulk_pricing.title'}}</dt>\n    <dd class=\"productView-info-value\">\n        <p>{{lang 'products.bulk_pricing.instructions'}}</p>\n        <ul>\n            {{#each bulk_discount_rates}}\n            <li>\n                {{lang 'products.bulk_pricing.range' min=min max=max}}\n                {{#if type '===' 'percent'}}\n                {{lang 'products.bulk_pricing.percent' discount=discount.formatted}}\n                {{else if type '===' 'fixed'}}\n                {{lang 'products.bulk_pricing.fixed' discount=discount.formatted}}\n                {{else if type '===' 'price'}}\n                {{lang 'products.bulk_pricing.price' discount=discount.formatted}}\n                {{/if}}\n            </li>\n            {{/each}}\n        </ul>\n    </dd>\n{{/if}}\n",
  "components/products/ratings": "<span role=\"img\"\n    {{#if rating_target}}\n      aria-label=\"{{lang 'products.reviews.rating_aria_label' rating_target=rating_target current_rating=rating max_rating=5}}\"\n    {{else}}\n      aria-label=\"{{lang 'products.reviews.rating_aria_label' rating_target='Product' current_rating=rating max_rating=5}}\"\n    {{/if}}\n>\n    {{#for 1 5}}\n        {{#if ../this.rating '>=' $index}}\n            <span class=\"icon icon--ratingFull\">\n                <svg>\n                    <use xlink:href=\"#icon-star\" />\n                </svg>\n            </span>\n        {{else}}\n            <span class=\"icon icon--ratingEmpty\">\n                <svg>\n                    <use xlink:href=\"#icon-star\" />\n                </svg>\n            </span>\n        {{/if}}\n    {{/for}}\n</span>\n",
  "components/products/product-badge": "{{#if badge_view '===' 'sash'}}\n    <div class=\"{{badge-type}}-flag-sash\">\n        <span class=\"{{badge-type}}-text\">{{{badge_label}}}</span>\n    </div>\n{{else if badge_view '===' 'topleft'}}\n    <div class=\"{{badge-type}}-flag-side\">\n        <span class=\"{{badge-type}}-text\">{{{badge_label}}}</span>\n    </div>\n{{else if badge_view '===' 'burst'}}\n    <div class=\"starwrap\">\n        <div class=\"{{badge-type}}-text-burst\">{{{badge_label}}}</div>\n        <div class=\"{{badge-type}}-flag-star\"></div>\n    </div>\n{{/if}}\n",
  "components/common/responsive-img": "{{!--\nThis file implements the lazysizes srcset pattern (as seen on\nhttps://github.com/aFarkas/lazysizes#modern-transparent-srcset-pattern) for maximum performance on modern browsers\nand reasonable compatibility with legacy browsers.\n\nThere are a few important arguments to know about when using this component:\n`lazyload`:\n    - If set to 'lazyload+lqip', will load a low-res image which will be replaced by lazysizes - ensuring that SOME\n    content is shown immediately on page load. Without LQIP, a transparent gif will be used instead, which reduces\n    the number of requests needed to load the page, making it even faster.\n    - If set to 'lazyload', the browser will not load the full-size image at first, instead the lazysizes plugin will\n        load it progressively after page load. This improves the load speed of the page, but it should be disabled for\n        high-priority above-the-fold images.\n    - If set to 'disabled', will not attempt to lazyload the image and instead tell the browser to load it immediately.\n        Use this for high-priority images that are above the fold.\n\n`fallback_size`:\n    This is the size to use for this image in legacy browsers that do not support srcset.\n    Can be defined as a pixel bounding-box size (e.g. \"123x123) or inherent width (e.g. \"123w\").\n\n`class`:\n    The CSS classes to add to the image, e.g. \"card-image\". If lazyloading is enabled, all images will have the\n    \"lazyload\" class so that lazysizes will target them automatically.\n\n`otherAttributes`:\n    Any other HTML attributes you want on the img tag, for example \"height='100' width='100'\"\n\n`default_image`:\n    The default image to use if `image` is undefined or falsy. Should be a theme asset, usually defined as a relative\n    path in the theme config. If a default image is not provided, you'll get an image tag with no image if the primary\n    image is undefined.\n\n`lqip_size`:\n    If you want to specify a particular size for the LQIP image, you can do so with this argument. A default of 80\n    pixels wide will be used otherwise. This argument has no effect if the lazyload mode is not \"lazyload+lqip\".\n\n--}}\n<img {{#if image}}{{!-- Get the default image for legacy browsers that do not support srcset\n--}}src=\"{{getImageSrcset image 1x=(default fallback_size '160w')}}\" alt=\"{{image.alt}}\" title=\"{{image.alt}}\" {{!--\n  Allow lazysizes to generate the 'sizes' attribute automatically --}}data-sizes=\"auto\"\n  {{#unless lazyload '==' 'disabled'}}\n    {{#if lazyload '==' 'lazyload+lqip'}}\n    {{!-- If we want a LQIP, include it as the default srcset (will be overwritten by lazysizes) --}}\n    srcset=\"{{getImageSrcset image 1x=(default lqip_size '80w')}}\"\n    {{else}}\n      {{!-- If we don't want a LQIP, use a 1px transparent gif for the stand-in image\n            This requires no additional network request, so it's fast --}}\n    srcset=\"data:image/gif;base64,R0lGODlhAQABAIAAAP///wAAACH5BAEAAAAALAAAAAABAAEAAAICRAEAOw==\"\n    {{/if}}\n{{/unless}}\n{{!-- If lazyloading is disabled, just use \"srcset\". If it is not disabled, use \"data-srcset\" so lazysizes will use\n      this after page load --}}\n{{!--\nGenerate the srcset string using the default sizes defined in the helper. This will allow the browser to\npick the best-sized image based on its own understanding of how it will render the page.\n--}}\n{{#unless lazyload '==' 'disabled'}}data-{{/unless}}srcset=\"{{getImageSrcset image use_default_sizes=true }}\"\n{{else if default_image}}src=\"{{cdn default_image}}\" alt=\"{{lang 'products.card_default_image_alt'}}\"{{/if}}\nclass=\"{{#unless lazyload '==' 'disabled'}}lazyload{{/unless}}{{#if class}} {{class}}{{/if}}\"\n{{#if lazyload '==' 'lazyload'}}loading=\"lazy\"{{/if}}\n{{otherAttributes}} />\n",
  "components/products/product-aria-label": "{{#and price.price_range (if theme_settings.price_ranges '==' true)}}\n    {{#and price.price_range.min.with_tax price.price_range.max.with_tax}}\n{{lang 'category.shop_by_price_range_aria'\n       from=price.price_range.min.with_tax.formatted\n       to=price.price_range.max.with_tax.formatted\n}}\n    {{else}}\n{{lang 'category.shop_by_price_range_aria'\n       from=price.price_range.min.without_tax.formatted\n       to=price.price_range.max.without_tax.formatted\n}}\n    {{/and}}\n{{else}}\n    {{#if price.with_tax}}\n        {{#if price.non_sale_price_with_tax}}\n{{> components/products/price-label\n    label_value=theme_settings.pdp-non-sale-price-label\n    fallback=(lang \"page_builder.pdp-non-sale-price-label\")\n}}{{price.non_sale_price_with_tax.formatted}},\n{{> components/products/price-label\n    label_value=theme_settings.pdp-sale-price-label\n    fallback=(lang \"page_builder.pdp-sale-price-label\")\n}}{{price.with_tax.formatted}}\n        {{else}}\n{{price.with_tax.formatted}}\n        {{/if}}\n    {{else}}\n        {{#if price.non_sale_price_without_tax}}\n{{> components/products/price-label\n    label_value=theme_settings.pdp-non-sale-price-label\n    fallback=(lang \"page_builder.pdp-non-sale-price-label\")\n}}{{price.non_sale_price_without_tax.formatted}},\n{{> components/products/price-label\n    label_value=theme_settings.pdp-sale-price-label\n    fallback=(lang \"page_builder.pdp-sale-price-label\")\n}}{{price.without_tax.formatted}}\n        {{else}}\n{{price.without_tax.formatted}}\n        {{/if}}\n    {{/if}}\n{{/and}}\n",
  "components/products/price-range": "{{#and price.retail_price_range.min.with_tax price.retail_price_range.max.with_tax}}\n    <div class=\"price-section price-section--withTax rrp-price--withTax\">\n        <span>\n            {{> components/products/price-label\n                label_value=theme_settings.pdp-retail-price-label\n                fallback=(lang \"page_builder.pdp-retail-price-label\")\n            }}\n        </span>\n        <span data-product-rrp-price-with-tax class=\"price price--rrp\">{{price.retail_price_range.min.with_tax.formatted}} - {{price.retail_price_range.max.with_tax.formatted}}</span>\n    </div>\n{{else}}\n    {{#if price.with_tax}}\n        <div class=\"price-section price-section--withTax rrp-price--withTax\" style=\"display: none;\">\n            <span>\n                {{> components/products/price-label\n                    label_value=theme_settings.pdp-retail-price-label\n                    fallback=(lang \"page_builder.pdp-retail-price-label\")\n                }}\n            </span>\n            <span data-product-rrp-with-tax class=\"price price--rrp\">\n                {{price.rrp_with_tax.formatted}}\n            </span>\n        </div>\n    {{/if}}\n{{/and}}\n{{#and price.price_range.min.with_tax price.price_range.max.with_tax}}\n    {{!-- Never display the \"non-sales price\" if there is a price range to be shown, but we do want the element on the page --}}\n    <div class=\"price-section price-section--withTax non-sale-price--withTax\" style=\"display: none;\">\n        <span>\n            {{> components/products/price-label\n                label_value=theme_settings.pdp-non-sale-price-label\n                fallback=(lang \"page_builder.pdp-non-sale-price-label\")\n            }}\n        </span>\n        <span data-product-non-sale-price-with-tax class=\"price price--non-sale\">\n            {{price.non_sale_price_with_tax.formatted}}\n        </span>\n    </div>\n    <div class=\"price-section price-section--withTax\">\n        <span class=\"price-label\">{{theme_settings.pdp-price-label}}</span>\n        <span class=\"price-now-label\" style=\"display: none;\">\n            {{> components/products/price-label\n                label_value=theme_settings.pdp-sale-price-label\n                fallback=(lang \"page_builder.pdp-sale-price-label\")\n            }}\n        </span>\n        <span data-product-price-with-tax class=\"price price--withTax\">{{price.price_range.min.with_tax.formatted}} - {{price.price_range.max.with_tax.formatted}}</span>\n        {{#and price.price_range.min.without_tax price.price_range.max.without_tax}}\n            <abbr title=\"{{lang 'products.including_tax'}}\">{{lang 'products.price_with_tax' tax_label=price.price_range.min.tax_label}}</abbr>\n        {{/and}}\n    </div>\n{{/and}}\n{{#and price.retail_price_range.min.without_tax price.retail_price_range.max.without_tax}}\n    <div class=\"price-section price-section--withoutTax rrp-price--withoutTax{{#if price.with_tax}} price-section--minor{{/if}}\">\n        <span>\n            {{> components/products/price-label\n                label_value=theme_settings.pdp-retail-price-label\n                fallback=(lang \"page_builder.pdp-retail-price-label\")\n            }}\n        </span>\n        <span data-product-rrp-price-without-tax class=\"price price--rrp\">{{price.retail_price_range.min.without_tax.formatted}} - {{price.retail_price_range.max.without_tax.formatted}}</span>\n    </div>\n{{else}}\n    {{#if price.without_tax}}\n        <div class=\"price-section price-section--withoutTax rrp-price--withoutTax{{#if price.with_tax}} price-section--minor{{/if}}\" style=\"display: none;\">\n            <span>\n                {{> components/products/price-label\n                    label_value=theme_settings.pdp-retail-price-label\n                    fallback=(lang \"page_builder.pdp-retail-price-label\")\n                }}\n            </span>\n            <span data-product-rrp-price-without-tax class=\"price price--rrp\">\n                {{price.rrp_without_tax.formatted}}\n            </span>\n        </div>\n    {{/if}}\n{{/and}}\n{{#and price.price_range.min.without_tax price.price_range.max.without_tax}}\n    {{!-- Never display the \"non-sales price\" if there is a price range to be shown, but we do want the element on the page --}}\n    <div class=\"price-section price-section--withoutTax non-sale-price--withoutTax{{#if price.with_tax}} price-section--minor{{/if}}\" style=\"display: none;\">\n        <span>\n            {{> components/products/price-label\n                label_value=theme_settings.pdp-non-sale-price-label\n                fallback=(lang \"page_builder.pdp-non-sale-price-label\")\n            }}\n        </span>\n        <span data-product-non-sale-price-without-tax class=\"price price--non-sale\">\n            {{price.non_sale_price_without_tax.formatted}}\n        </span>\n    </div>\n    <div class=\"price-section price-section--withoutTax{{#and price_range.min.with_tax price_range.max.with_tax}} price-section--minor{{/and}}\">\n        <span class=\"price-label\">{{theme_settings.pdp-price-label}}</span>\n        <span class=\"price-now-label\" style=\"display: none;\">\n            {{> components/products/price-label\n                label_value=theme_settings.pdp-sale-price-label\n                fallback=(lang \"page_builder.pdp-sale-price-label\")\n            }}\n        </span>\n        <span data-product-price-without-tax class=\"price price--withoutTax\">{{price.price_range.min.without_tax.formatted}} - {{price.price_range.max.without_tax.formatted}}</span>\n        {{#and price.price_range.min.with_tax price.price_range.max.with_tax}}\n            <abbr title=\"{{lang 'products.excluding_tax'}}\">{{lang 'products.price_without_tax' tax_label=price.price_range.min.tax_label}}</abbr>\n        {{/and}}\n    </div>\n{{/and}}\n\n{{!-- Never display the \"saving price\" element by default if there is a price range on the page to be shown --}}\n{{#if page_type '===' 'product'}}\n     <div class=\"price-section price-section--saving price\" style=\"display: none;\">\n            <span class=\"price\">{{lang 'products.you_save_opening_text'}}</span>\n            <span data-product-price-saved class=\"price price--saving\">\n                {{price.saved.formatted}}\n            </span>\n            <span class=\"price\">{{lang 'products.you_save_closing_bracket'}}</span>\n     </div>\n{{/if}}\n",
  "components/products/price-label": "{{#if label_value '===' ''}}\n    {{fallback}}\n{{else}}\n    {{label_value}}\n{{/if}}\n"
}